"","Family","Sector","Year","Site","mean"
"1","Acroporidae","Eastern Sector",2011,"BUNBR",0.466666666666667
"2","Acroporidae","Eastern Sector",2011,"BUNN",0.133333333333333
"3","Acroporidae","Eastern Sector",2011,"BUNN+",0.0666666666666667
"4","Acroporidae","Eastern Sector",2012,"BUNBR",0
"5","Acroporidae","Eastern Sector",2012,"BUNN",0.133333333333333
"6","Acroporidae","Eastern Sector",2012,"BUNN+",0
"7","Acroporidae","Eastern Sector",2013,"BUNBR",0
"8","Acroporidae","Eastern Sector",2013,"BUNN",0
"9","Acroporidae","Eastern Sector",2013,"BUNN+",0
"10","Acroporidae","Eastern Sector",2014,"BUNBR",0
"11","Acroporidae","Eastern Sector",2014,"BUNN",0.2
"12","Acroporidae","Eastern Sector",2014,"BUNN+",0
"13","Acroporidae","Eastern Sector",2015,"BUNBR",0.2
"14","Acroporidae","Eastern Sector",2015,"BUNN",0.571428571428571
"15","Acroporidae","Eastern Sector",2015,"BUNN+",0.0769230769230769
"16","Acroporidae","Eastern Sector",2016,"BUNBR",0.133333333333333
"17","Acroporidae","Eastern Sector",2016,"BUNN",0.0666666666666667
"18","Acroporidae","Eastern Sector",2016,"BUNN+",0
"19","Acroporidae","Eastern Sector",2017,"BUNBR",0.133333333333333
"20","Acroporidae","Eastern Sector",2017,"BUNN",0.266666666666667
"21","Acroporidae","Eastern Sector",2017,"BUNN+",0.133333333333333
"22","Acroporidae","Eastern Sector",2018,"BUNBR",3.4
"23","Acroporidae","Eastern Sector",2018,"BUNN",4
"24","Acroporidae","Eastern Sector",2018,"BUNN+",0.933333333333333
"25","Acroporidae","Eastern Sector",2019,"BUNBR",1.86666666666667
"26","Acroporidae","Eastern Sector",2019,"BUNN",0.785714285714286
"27","Acroporidae","Eastern Sector",2019,"BUNN+",0.666666666666667
"28","Acroporidae","Eastern Sector",2020,"BUNBR",0.0666666666666667
"29","Acroporidae","Eastern Sector",2020,"BUNN",0.0666666666666667
"30","Acroporidae","Eastern Sector",2020,"BUNN+",0
"31","Acroporidae","Eastern Sector",2021,"BUNBR",0.285714285714286
"32","Acroporidae","Eastern Sector",2021,"BUNN",0.2
"33","Acroporidae","Eastern Sector",2021,"BUNN+",0.333333333333333
"34","Acroporidae","Northern Sector",2011,"JUR",0
"35","Acroporidae","Northern Sector",2011,"TLC",0
"36","Acroporidae","Northern Sector",2011,"TLSZ",0.6
"37","Acroporidae","Northern Sector",2012,"JUR",1.86666666666667
"38","Acroporidae","Northern Sector",2012,"TLC",0.727272727272727
"39","Acroporidae","Northern Sector",2012,"TLSZ",0.333333333333333
"40","Acroporidae","Northern Sector",2013,"JUR",0
"41","Acroporidae","Northern Sector",2013,"TLC",0.0666666666666667
"42","Acroporidae","Northern Sector",2013,"TLSZ",0.0769230769230769
"43","Acroporidae","Northern Sector",2014,"JUR",1.86666666666667
"44","Acroporidae","Northern Sector",2014,"TLC",3.78571428571429
"45","Acroporidae","Northern Sector",2014,"TLSZ",3.93333333333333
"46","Acroporidae","Northern Sector",2015,"JUR",1.41666666666667
"47","Acroporidae","Northern Sector",2015,"TLC",1
"48","Acroporidae","Northern Sector",2015,"TLSZ",0.0714285714285714
"49","Acroporidae","Northern Sector",2016,"JUR",1.6
"50","Acroporidae","Northern Sector",2016,"TLC",0.333333333333333
"51","Acroporidae","Northern Sector",2016,"TLSZ",0.2
"52","Acroporidae","Northern Sector",2017,"JUR",2.66666666666667
"53","Acroporidae","Northern Sector",2017,"TLC",1
"54","Acroporidae","Northern Sector",2017,"TLSZ",0.666666666666667
"55","Acroporidae","Northern Sector",2018,"JUR",0.533333333333333
"56","Acroporidae","Northern Sector",2018,"TLC",2.46666666666667
"57","Acroporidae","Northern Sector",2018,"TLSZ",0.533333333333333
"58","Acroporidae","Northern Sector",2019,"JUR",1.66666666666667
"59","Acroporidae","Northern Sector",2019,"TLC",0.538461538461538
"60","Acroporidae","Northern Sector",2019,"TLSZ",0.533333333333333
"61","Acroporidae","Northern Sector",2020,"JUR",42.7333333333333
"62","Acroporidae","Northern Sector",2020,"TLC",15.3333333333333
"63","Acroporidae","Northern Sector",2020,"TLSZ",3.46666666666667
"64","Acroporidae","Northern Sector",2021,"JUR",3
"65","Acroporidae","Northern Sector",2021,"TLC",0.666666666666667
"66","Acroporidae","Northern Sector",2021,"TLSZ",4
"67","Acroporidae","Southern Sector",2011,"CBBR",3.33333333333333
"68","Acroporidae","Southern Sector",2011,"CBIL",15.3333333333333
"69","Acroporidae","Southern Sector",2011,"CBLN",5.8
"70","Acroporidae","Southern Sector",2011,"CBOB",2.06666666666667
"71","Acroporidae","Southern Sector",2011,"CBSL",1.46666666666667
"72","Acroporidae","Southern Sector",2012,"CBBR",0.2
"73","Acroporidae","Southern Sector",2012,"CBIL",3.8
"74","Acroporidae","Southern Sector",2012,"CBLN",1.93333333333333
"75","Acroporidae","Southern Sector",2012,"CBOB",0.2
"76","Acroporidae","Southern Sector",2013,"CBBR",0.133333333333333
"77","Acroporidae","Southern Sector",2013,"CBIL",0
"78","Acroporidae","Southern Sector",2013,"CBOB",0
"79","Acroporidae","Southern Sector",2014,"CBBR",2.4
"80","Acroporidae","Southern Sector",2014,"CBIL",1.4
"81","Acroporidae","Southern Sector",2014,"CBLN",2.26666666666667
"82","Acroporidae","Southern Sector",2014,"CBOB",5.73333333333333
"83","Acroporidae","Southern Sector",2015,"CBBR",0.0833333333333333
"84","Acroporidae","Southern Sector",2015,"CBIL",0.8
"85","Acroporidae","Southern Sector",2015,"CBLN",0.214285714285714
"86","Acroporidae","Southern Sector",2015,"CBOB",0.0666666666666667
"87","Acroporidae","Southern Sector",2016,"CBBR",0.266666666666667
"88","Acroporidae","Southern Sector",2016,"CBIL",2.13333333333333
"89","Acroporidae","Southern Sector",2016,"CBLN",0.133333333333333
"90","Acroporidae","Southern Sector",2016,"CBOB",0.2
"91","Acroporidae","Southern Sector",2017,"CBBR",0.466666666666667
"92","Acroporidae","Southern Sector",2017,"CBIL",1.66666666666667
"93","Acroporidae","Southern Sector",2017,"CBLN",0.466666666666667
"94","Acroporidae","Southern Sector",2017,"CBOB",0.266666666666667
"95","Acroporidae","Southern Sector",2018,"CBBR",0.666666666666667
"96","Acroporidae","Southern Sector",2018,"CBIL",5.26666666666667
"97","Acroporidae","Southern Sector",2018,"CBLN",3.66666666666667
"98","Acroporidae","Southern Sector",2018,"CBOB",0.733333333333333
"99","Acroporidae","Southern Sector",2019,"CBBR",0.333333333333333
"100","Acroporidae","Southern Sector",2019,"CBIL",4.66666666666667
"101","Acroporidae","Southern Sector",2019,"CBLN",1.33333333333333
"102","Acroporidae","Southern Sector",2019,"CBOB",0.266666666666667
"103","Acroporidae","Southern Sector",2020,"CBBR",0.666666666666667
"104","Acroporidae","Southern Sector",2020,"CBIL",2.73333333333333
"105","Acroporidae","Southern Sector",2020,"CBLN",1.5
"106","Acroporidae","Southern Sector",2020,"CBOB",0
"107","Acroporidae","Southern Sector",2021,"CBBR",2.42857142857143
"108","Acroporidae","Southern Sector",2021,"CBIL",6.4
"109","Acroporidae","Southern Sector",2021,"CBLN",2.2
"110","Acroporidae","Southern Sector",2021,"CBOB",0.933333333333333
"221","Other","Eastern Sector",2011,"BUNBR",0.8
"222","Other","Eastern Sector",2011,"BUNN",0.4
"223","Other","Eastern Sector",2011,"BUNN+",0.533333333333333
"224","Other","Eastern Sector",2012,"BUNBR",0.666666666666667
"225","Other","Eastern Sector",2012,"BUNN",0
"226","Other","Eastern Sector",2012,"BUNN+",0
"227","Other","Eastern Sector",2013,"BUNBR",0
"228","Other","Eastern Sector",2013,"BUNN",0
"229","Other","Eastern Sector",2013,"BUNN+",0
"230","Other","Eastern Sector",2014,"BUNBR",0.266666666666667
"231","Other","Eastern Sector",2014,"BUNN",0.0666666666666667
"232","Other","Eastern Sector",2014,"BUNN+",0
"233","Other","Eastern Sector",2015,"BUNBR",0
"234","Other","Eastern Sector",2015,"BUNN",0
"235","Other","Eastern Sector",2015,"BUNN+",0
"236","Other","Eastern Sector",2016,"BUNBR",0
"237","Other","Eastern Sector",2016,"BUNN",0
"238","Other","Eastern Sector",2016,"BUNN+",0
"239","Other","Eastern Sector",2017,"BUNBR",0.0666666666666667
"240","Other","Eastern Sector",2017,"BUNN",0
"241","Other","Eastern Sector",2017,"BUNN+",0
"242","Other","Eastern Sector",2018,"BUNBR",0
"243","Other","Eastern Sector",2018,"BUNN",0
"244","Other","Eastern Sector",2018,"BUNN+",0
"245","Other","Eastern Sector",2019,"BUNBR",0
"246","Other","Eastern Sector",2019,"BUNN",0
"247","Other","Eastern Sector",2019,"BUNN+",0
"248","Other","Eastern Sector",2020,"BUNBR",0.0666666666666667
"249","Other","Eastern Sector",2020,"BUNN",0
"250","Other","Eastern Sector",2020,"BUNN+",0
"251","Other","Eastern Sector",2021,"BUNBR",0
"252","Other","Eastern Sector",2021,"BUNN",0
"253","Other","Eastern Sector",2021,"BUNN+",0
"254","Other","Northern Sector",2011,"JUR",0
"255","Other","Northern Sector",2011,"TLC",0
"256","Other","Northern Sector",2011,"TLSZ",1.06666666666667
"257","Other","Northern Sector",2012,"JUR",0.266666666666667
"258","Other","Northern Sector",2012,"TLC",0.818181818181818
"259","Other","Northern Sector",2012,"TLSZ",0.2
"260","Other","Northern Sector",2013,"JUR",0
"261","Other","Northern Sector",2013,"TLC",0.0666666666666667
"262","Other","Northern Sector",2013,"TLSZ",0.307692307692308
"263","Other","Northern Sector",2014,"JUR",0
"264","Other","Northern Sector",2014,"TLC",0.0714285714285714
"265","Other","Northern Sector",2014,"TLSZ",7.53333333333333
"266","Other","Northern Sector",2015,"JUR",0
"267","Other","Northern Sector",2015,"TLC",0
"268","Other","Northern Sector",2015,"TLSZ",0
"269","Other","Northern Sector",2016,"JUR",0.0666666666666667
"270","Other","Northern Sector",2016,"TLC",0
"271","Other","Northern Sector",2016,"TLSZ",0
"272","Other","Northern Sector",2017,"JUR",0.333333333333333
"273","Other","Northern Sector",2017,"TLC",0.0666666666666667
"274","Other","Northern Sector",2017,"TLSZ",0
"275","Other","Northern Sector",2018,"JUR",0
"276","Other","Northern Sector",2018,"TLC",0
"277","Other","Northern Sector",2018,"TLSZ",0
"278","Other","Northern Sector",2019,"JUR",0.4
"279","Other","Northern Sector",2019,"TLC",0.0769230769230769
"280","Other","Northern Sector",2019,"TLSZ",0
"281","Other","Northern Sector",2020,"JUR",0.0666666666666667
"282","Other","Northern Sector",2020,"TLC",0
"283","Other","Northern Sector",2020,"TLSZ",0.133333333333333
"284","Other","Northern Sector",2021,"JUR",0
"285","Other","Northern Sector",2021,"TLC",0.25
"286","Other","Northern Sector",2021,"TLSZ",0.333333333333333
"287","Other","Southern Sector",2011,"CBBR",2.06666666666667
"288","Other","Southern Sector",2011,"CBIL",5.33333333333333
"289","Other","Southern Sector",2011,"CBLN",1.33333333333333
"290","Other","Southern Sector",2011,"CBOB",4.66666666666667
"291","Other","Southern Sector",2011,"CBSL",0.533333333333333
"292","Other","Southern Sector",2012,"CBBR",0.466666666666667
"293","Other","Southern Sector",2012,"CBIL",6.93333333333333
"294","Other","Southern Sector",2012,"CBLN",8.33333333333333
"295","Other","Southern Sector",2012,"CBOB",0.6
"296","Other","Southern Sector",2013,"CBBR",0.2
"297","Other","Southern Sector",2013,"CBIL",8.93333333333333
"298","Other","Southern Sector",2013,"CBOB",0.133333333333333
"299","Other","Southern Sector",2014,"CBBR",0.8
"300","Other","Southern Sector",2014,"CBIL",16.8666666666667
"301","Other","Southern Sector",2014,"CBLN",3.53333333333333
"302","Other","Southern Sector",2014,"CBOB",2.6
"303","Other","Southern Sector",2015,"CBBR",0
"304","Other","Southern Sector",2015,"CBIL",0
"305","Other","Southern Sector",2015,"CBLN",0
"306","Other","Southern Sector",2015,"CBOB",0
"307","Other","Southern Sector",2016,"CBBR",0
"308","Other","Southern Sector",2016,"CBIL",0
"309","Other","Southern Sector",2016,"CBLN",0
"310","Other","Southern Sector",2016,"CBOB",0
"311","Other","Southern Sector",2017,"CBBR",0
"312","Other","Southern Sector",2017,"CBIL",0
"313","Other","Southern Sector",2017,"CBLN",0.0666666666666667
"314","Other","Southern Sector",2017,"CBOB",0
"315","Other","Southern Sector",2018,"CBBR",0
"316","Other","Southern Sector",2018,"CBIL",0
"317","Other","Southern Sector",2018,"CBLN",0
"318","Other","Southern Sector",2018,"CBOB",0
"319","Other","Southern Sector",2019,"CBBR",0
"320","Other","Southern Sector",2019,"CBIL",0
"321","Other","Southern Sector",2019,"CBLN",0.0666666666666667
"322","Other","Southern Sector",2019,"CBOB",0.0666666666666667
"323","Other","Southern Sector",2020,"CBBR",0
"324","Other","Southern Sector",2020,"CBIL",0
"325","Other","Southern Sector",2020,"CBLN",0.142857142857143
"326","Other","Southern Sector",2020,"CBOB",0.0666666666666667
"327","Other","Southern Sector",2021,"CBBR",0
"328","Other","Southern Sector",2021,"CBIL",0.4
"329","Other","Southern Sector",2021,"CBLN",0.0666666666666667
"330","Other","Southern Sector",2021,"CBOB",0
"331","Pocilloporidae","Eastern Sector",2011,"BUNBR",0
"332","Pocilloporidae","Eastern Sector",2011,"BUNN",0
"333","Pocilloporidae","Eastern Sector",2011,"BUNN+",0
"334","Pocilloporidae","Eastern Sector",2012,"BUNBR",0
"335","Pocilloporidae","Eastern Sector",2012,"BUNN",0
"336","Pocilloporidae","Eastern Sector",2012,"BUNN+",0
"337","Pocilloporidae","Eastern Sector",2013,"BUNBR",0
"338","Pocilloporidae","Eastern Sector",2013,"BUNN",0
"339","Pocilloporidae","Eastern Sector",2013,"BUNN+",0
"340","Pocilloporidae","Eastern Sector",2014,"BUNBR",0.133333333333333
"341","Pocilloporidae","Eastern Sector",2014,"BUNN",0
"342","Pocilloporidae","Eastern Sector",2014,"BUNN+",0
"343","Pocilloporidae","Eastern Sector",2015,"BUNBR",0.466666666666667
"344","Pocilloporidae","Eastern Sector",2015,"BUNN",0.142857142857143
"345","Pocilloporidae","Eastern Sector",2015,"BUNN+",0.0769230769230769
"346","Pocilloporidae","Eastern Sector",2016,"BUNBR",1.26666666666667
"347","Pocilloporidae","Eastern Sector",2016,"BUNN",0
"348","Pocilloporidae","Eastern Sector",2016,"BUNN+",0
"349","Pocilloporidae","Eastern Sector",2017,"BUNBR",1.6
"350","Pocilloporidae","Eastern Sector",2017,"BUNN",0
"351","Pocilloporidae","Eastern Sector",2017,"BUNN+",0
"352","Pocilloporidae","Eastern Sector",2018,"BUNBR",2
"353","Pocilloporidae","Eastern Sector",2018,"BUNN",0
"354","Pocilloporidae","Eastern Sector",2018,"BUNN+",0.0666666666666667
"355","Pocilloporidae","Eastern Sector",2019,"BUNBR",2.93333333333333
"356","Pocilloporidae","Eastern Sector",2019,"BUNN",0
"357","Pocilloporidae","Eastern Sector",2019,"BUNN+",0
"358","Pocilloporidae","Eastern Sector",2020,"BUNBR",4.6
"359","Pocilloporidae","Eastern Sector",2020,"BUNN",0
"360","Pocilloporidae","Eastern Sector",2020,"BUNN+",0
"361","Pocilloporidae","Eastern Sector",2021,"BUNBR",2.28571428571429
"362","Pocilloporidae","Eastern Sector",2021,"BUNN",0
"363","Pocilloporidae","Eastern Sector",2021,"BUNN+",0
"364","Pocilloporidae","Northern Sector",2011,"JUR",0.142857142857143
"365","Pocilloporidae","Northern Sector",2011,"TLC",0.714285714285714
"366","Pocilloporidae","Northern Sector",2011,"TLSZ",0.8
"367","Pocilloporidae","Northern Sector",2012,"JUR",0.0666666666666667
"368","Pocilloporidae","Northern Sector",2012,"TLC",0
"369","Pocilloporidae","Northern Sector",2012,"TLSZ",1.26666666666667
"370","Pocilloporidae","Northern Sector",2013,"JUR",0.0666666666666667
"371","Pocilloporidae","Northern Sector",2013,"TLC",0.266666666666667
"372","Pocilloporidae","Northern Sector",2013,"TLSZ",0.615384615384615
"373","Pocilloporidae","Northern Sector",2014,"JUR",0.133333333333333
"374","Pocilloporidae","Northern Sector",2014,"TLC",0.571428571428571
"375","Pocilloporidae","Northern Sector",2014,"TLSZ",0.533333333333333
"376","Pocilloporidae","Northern Sector",2015,"JUR",0
"377","Pocilloporidae","Northern Sector",2015,"TLC",0.214285714285714
"378","Pocilloporidae","Northern Sector",2015,"TLSZ",0.285714285714286
"379","Pocilloporidae","Northern Sector",2016,"JUR",0.266666666666667
"380","Pocilloporidae","Northern Sector",2016,"TLC",0.8
"381","Pocilloporidae","Northern Sector",2016,"TLSZ",1.53333333333333
"382","Pocilloporidae","Northern Sector",2017,"JUR",0.333333333333333
"383","Pocilloporidae","Northern Sector",2017,"TLC",0.8
"384","Pocilloporidae","Northern Sector",2017,"TLSZ",2.6
"385","Pocilloporidae","Northern Sector",2018,"JUR",0.266666666666667
"386","Pocilloporidae","Northern Sector",2018,"TLC",0.933333333333333
"387","Pocilloporidae","Northern Sector",2018,"TLSZ",6.4
"388","Pocilloporidae","Northern Sector",2019,"JUR",1.53333333333333
"389","Pocilloporidae","Northern Sector",2019,"TLC",0.538461538461538
"390","Pocilloporidae","Northern Sector",2019,"TLSZ",4.06666666666667
"391","Pocilloporidae","Northern Sector",2020,"JUR",1.06666666666667
"392","Pocilloporidae","Northern Sector",2020,"TLC",0.4
"393","Pocilloporidae","Northern Sector",2020,"TLSZ",4.73333333333333
"394","Pocilloporidae","Northern Sector",2021,"JUR",0.769230769230769
"395","Pocilloporidae","Northern Sector",2021,"TLC",1.08333333333333
"396","Pocilloporidae","Northern Sector",2021,"TLSZ",7.13333333333333
"397","Pocilloporidae","Southern Sector",2011,"CBBR",0.133333333333333
"398","Pocilloporidae","Southern Sector",2011,"CBIL",0.133333333333333
"399","Pocilloporidae","Southern Sector",2011,"CBLN",0.266666666666667
"400","Pocilloporidae","Southern Sector",2011,"CBOB",0.0666666666666667
"401","Pocilloporidae","Southern Sector",2011,"CBSL",0.0666666666666667
"402","Pocilloporidae","Southern Sector",2012,"CBBR",0.2
"403","Pocilloporidae","Southern Sector",2012,"CBIL",0
"404","Pocilloporidae","Southern Sector",2012,"CBLN",0.466666666666667
"405","Pocilloporidae","Southern Sector",2012,"CBOB",0
"406","Pocilloporidae","Southern Sector",2013,"CBBR",0.333333333333333
"407","Pocilloporidae","Southern Sector",2013,"CBIL",0
"408","Pocilloporidae","Southern Sector",2013,"CBOB",0.333333333333333
"409","Pocilloporidae","Southern Sector",2014,"CBBR",0.333333333333333
"410","Pocilloporidae","Southern Sector",2014,"CBIL",0.2
"411","Pocilloporidae","Southern Sector",2014,"CBLN",0.4
"412","Pocilloporidae","Southern Sector",2014,"CBOB",0.533333333333333
"413","Pocilloporidae","Southern Sector",2015,"CBBR",0.333333333333333
"414","Pocilloporidae","Southern Sector",2015,"CBIL",0.2
"415","Pocilloporidae","Southern Sector",2015,"CBLN",0.571428571428571
"416","Pocilloporidae","Southern Sector",2015,"CBOB",1.6
"417","Pocilloporidae","Southern Sector",2016,"CBBR",0.533333333333333
"418","Pocilloporidae","Southern Sector",2016,"CBIL",0.533333333333333
"419","Pocilloporidae","Southern Sector",2016,"CBLN",0.4
"420","Pocilloporidae","Southern Sector",2016,"CBOB",0.4
"421","Pocilloporidae","Southern Sector",2017,"CBBR",0.333333333333333
"422","Pocilloporidae","Southern Sector",2017,"CBIL",0.466666666666667
"423","Pocilloporidae","Southern Sector",2017,"CBLN",0.733333333333333
"424","Pocilloporidae","Southern Sector",2017,"CBOB",0.2
"425","Pocilloporidae","Southern Sector",2018,"CBBR",0.6
"426","Pocilloporidae","Southern Sector",2018,"CBIL",0.266666666666667
"427","Pocilloporidae","Southern Sector",2018,"CBLN",0.866666666666667
"428","Pocilloporidae","Southern Sector",2018,"CBOB",0.4
"429","Pocilloporidae","Southern Sector",2019,"CBBR",0.333333333333333
"430","Pocilloporidae","Southern Sector",2019,"CBIL",0.6
"431","Pocilloporidae","Southern Sector",2019,"CBLN",0.666666666666667
"432","Pocilloporidae","Southern Sector",2019,"CBOB",0.4
"433","Pocilloporidae","Southern Sector",2020,"CBBR",0.25
"434","Pocilloporidae","Southern Sector",2020,"CBIL",1.66666666666667
"435","Pocilloporidae","Southern Sector",2020,"CBLN",0.785714285714286
"436","Pocilloporidae","Southern Sector",2020,"CBOB",0.6
"437","Pocilloporidae","Southern Sector",2021,"CBBR",0.5
"438","Pocilloporidae","Southern Sector",2021,"CBIL",0.4
"439","Pocilloporidae","Southern Sector",2021,"CBLN",0.866666666666667
"440","Pocilloporidae","Southern Sector",2021,"CBOB",0.2
"441","Poritidae","Eastern Sector",2011,"BUNBR",0
"442","Poritidae","Eastern Sector",2011,"BUNN",0
"443","Poritidae","Eastern Sector",2011,"BUNN+",0
"444","Poritidae","Eastern Sector",2012,"BUNBR",0
"445","Poritidae","Eastern Sector",2012,"BUNN",0
"446","Poritidae","Eastern Sector",2012,"BUNN+",0
"447","Poritidae","Eastern Sector",2013,"BUNBR",0
"448","Poritidae","Eastern Sector",2013,"BUNN",0
"449","Poritidae","Eastern Sector",2013,"BUNN+",0
"450","Poritidae","Eastern Sector",2014,"BUNBR",0.0666666666666667
"451","Poritidae","Eastern Sector",2014,"BUNN",0
"452","Poritidae","Eastern Sector",2014,"BUNN+",0
"453","Poritidae","Eastern Sector",2015,"BUNBR",0
"454","Poritidae","Eastern Sector",2015,"BUNN",0
"455","Poritidae","Eastern Sector",2015,"BUNN+",0
"456","Poritidae","Eastern Sector",2016,"BUNBR",0.0666666666666667
"457","Poritidae","Eastern Sector",2016,"BUNN",0
"458","Poritidae","Eastern Sector",2016,"BUNN+",0
"459","Poritidae","Eastern Sector",2017,"BUNBR",0
"460","Poritidae","Eastern Sector",2017,"BUNN",0
"461","Poritidae","Eastern Sector",2017,"BUNN+",0
"462","Poritidae","Eastern Sector",2018,"BUNBR",0
"463","Poritidae","Eastern Sector",2018,"BUNN",0
"464","Poritidae","Eastern Sector",2018,"BUNN+",0
"465","Poritidae","Eastern Sector",2019,"BUNBR",0
"466","Poritidae","Eastern Sector",2019,"BUNN",0
"467","Poritidae","Eastern Sector",2019,"BUNN+",0
"468","Poritidae","Eastern Sector",2020,"BUNBR",0.0666666666666667
"469","Poritidae","Eastern Sector",2020,"BUNN",0
"470","Poritidae","Eastern Sector",2020,"BUNN+",0
"471","Poritidae","Eastern Sector",2021,"BUNBR",0.5
"472","Poritidae","Eastern Sector",2021,"BUNN",0
"473","Poritidae","Eastern Sector",2021,"BUNN+",0.133333333333333
"474","Poritidae","Northern Sector",2011,"JUR",0
"475","Poritidae","Northern Sector",2011,"TLC",0
"476","Poritidae","Northern Sector",2011,"TLSZ",0.133333333333333
"477","Poritidae","Northern Sector",2012,"JUR",0.466666666666667
"478","Poritidae","Northern Sector",2012,"TLC",0
"479","Poritidae","Northern Sector",2012,"TLSZ",1.2
"480","Poritidae","Northern Sector",2013,"JUR",0
"481","Poritidae","Northern Sector",2013,"TLC",0
"482","Poritidae","Northern Sector",2013,"TLSZ",0.0769230769230769
"483","Poritidae","Northern Sector",2014,"JUR",0.0666666666666667
"484","Poritidae","Northern Sector",2014,"TLC",0.0714285714285714
"485","Poritidae","Northern Sector",2014,"TLSZ",1.06666666666667
"486","Poritidae","Northern Sector",2015,"JUR",0
"487","Poritidae","Northern Sector",2015,"TLC",0
"488","Poritidae","Northern Sector",2015,"TLSZ",0.357142857142857
"489","Poritidae","Northern Sector",2016,"JUR",0
"490","Poritidae","Northern Sector",2016,"TLC",0
"491","Poritidae","Northern Sector",2016,"TLSZ",0.266666666666667
"492","Poritidae","Northern Sector",2017,"JUR",0.2
"493","Poritidae","Northern Sector",2017,"TLC",0
"494","Poritidae","Northern Sector",2017,"TLSZ",0.266666666666667
"495","Poritidae","Northern Sector",2018,"JUR",0.133333333333333
"496","Poritidae","Northern Sector",2018,"TLC",0.0666666666666667
"497","Poritidae","Northern Sector",2018,"TLSZ",0.266666666666667
"498","Poritidae","Northern Sector",2019,"JUR",0.333333333333333
"499","Poritidae","Northern Sector",2019,"TLC",0
"500","Poritidae","Northern Sector",2019,"TLSZ",0.466666666666667
"501","Poritidae","Northern Sector",2020,"JUR",0.666666666666667
"502","Poritidae","Northern Sector",2020,"TLC",0.133333333333333
"503","Poritidae","Northern Sector",2020,"TLSZ",1.53333333333333
"504","Poritidae","Northern Sector",2021,"JUR",0.769230769230769
"505","Poritidae","Northern Sector",2021,"TLC",0
"506","Poritidae","Northern Sector",2021,"TLSZ",1
"507","Poritidae","Southern Sector",2011,"CBBR",0
"508","Poritidae","Southern Sector",2011,"CBIL",0
"509","Poritidae","Southern Sector",2011,"CBLN",0
"510","Poritidae","Southern Sector",2011,"CBOB",0.2
"511","Poritidae","Southern Sector",2011,"CBSL",0
"512","Poritidae","Southern Sector",2012,"CBBR",0
"513","Poritidae","Southern Sector",2012,"CBIL",0
"514","Poritidae","Southern Sector",2012,"CBLN",0
"515","Poritidae","Southern Sector",2012,"CBOB",0.4
"516","Poritidae","Southern Sector",2013,"CBBR",0
"517","Poritidae","Southern Sector",2013,"CBIL",0.133333333333333
"518","Poritidae","Southern Sector",2013,"CBOB",0.466666666666667
"519","Poritidae","Southern Sector",2014,"CBBR",0
"520","Poritidae","Southern Sector",2014,"CBIL",0.133333333333333
"521","Poritidae","Southern Sector",2014,"CBLN",0
"522","Poritidae","Southern Sector",2014,"CBOB",0.466666666666667
"523","Poritidae","Southern Sector",2015,"CBBR",0
"524","Poritidae","Southern Sector",2015,"CBIL",0.0666666666666667
"525","Poritidae","Southern Sector",2015,"CBLN",0
"526","Poritidae","Southern Sector",2015,"CBOB",0
"527","Poritidae","Southern Sector",2016,"CBBR",0
"528","Poritidae","Southern Sector",2016,"CBIL",0.0666666666666667
"529","Poritidae","Southern Sector",2016,"CBLN",0
"530","Poritidae","Southern Sector",2016,"CBOB",0
"531","Poritidae","Southern Sector",2017,"CBBR",0
"532","Poritidae","Southern Sector",2017,"CBIL",0
"533","Poritidae","Southern Sector",2017,"CBLN",0
"534","Poritidae","Southern Sector",2017,"CBOB",0.0666666666666667
"535","Poritidae","Southern Sector",2018,"CBBR",0
"536","Poritidae","Southern Sector",2018,"CBIL",0
"537","Poritidae","Southern Sector",2018,"CBLN",0
"538","Poritidae","Southern Sector",2018,"CBOB",0
"539","Poritidae","Southern Sector",2019,"CBBR",0.0666666666666667
"540","Poritidae","Southern Sector",2019,"CBIL",0
"541","Poritidae","Southern Sector",2019,"CBLN",0.133333333333333
"542","Poritidae","Southern Sector",2019,"CBOB",0.0666666666666667
"543","Poritidae","Southern Sector",2020,"CBBR",0.166666666666667
"544","Poritidae","Southern Sector",2020,"CBIL",0.466666666666667
"545","Poritidae","Southern Sector",2020,"CBLN",0.0714285714285714
"546","Poritidae","Southern Sector",2020,"CBOB",0.133333333333333
"547","Poritidae","Southern Sector",2021,"CBBR",0.0714285714285714
"548","Poritidae","Southern Sector",2021,"CBIL",0.4
"549","Poritidae","Southern Sector",2021,"CBLN",0.133333333333333
"550","Poritidae","Southern Sector",2021,"CBOB",0.4
"551","Underdeveloped","Eastern Sector",2011,"BUNBR",0
"552","Underdeveloped","Eastern Sector",2011,"BUNN",0
"553","Underdeveloped","Eastern Sector",2011,"BUNN+",0
"554","Underdeveloped","Eastern Sector",2012,"BUNBR",0
"555","Underdeveloped","Eastern Sector",2012,"BUNN",0
"556","Underdeveloped","Eastern Sector",2012,"BUNN+",0
"557","Underdeveloped","Eastern Sector",2013,"BUNBR",0
"558","Underdeveloped","Eastern Sector",2013,"BUNN",0
"559","Underdeveloped","Eastern Sector",2013,"BUNN+",0
"560","Underdeveloped","Eastern Sector",2014,"BUNBR",0
"561","Underdeveloped","Eastern Sector",2014,"BUNN",0
"562","Underdeveloped","Eastern Sector",2014,"BUNN+",0
"563","Underdeveloped","Eastern Sector",2015,"BUNBR",0.333333333333333
"564","Underdeveloped","Eastern Sector",2015,"BUNN",1.14285714285714
"565","Underdeveloped","Eastern Sector",2015,"BUNN+",0
"566","Underdeveloped","Eastern Sector",2016,"BUNBR",1
"567","Underdeveloped","Eastern Sector",2016,"BUNN",0.0666666666666667
"568","Underdeveloped","Eastern Sector",2016,"BUNN+",0.2
"569","Underdeveloped","Eastern Sector",2017,"BUNBR",0.333333333333333
"570","Underdeveloped","Eastern Sector",2017,"BUNN",0.133333333333333
"571","Underdeveloped","Eastern Sector",2017,"BUNN+",0.133333333333333
"572","Underdeveloped","Eastern Sector",2018,"BUNBR",0.6
"573","Underdeveloped","Eastern Sector",2018,"BUNN",0.142857142857143
"574","Underdeveloped","Eastern Sector",2018,"BUNN+",0.133333333333333
"575","Underdeveloped","Eastern Sector",2019,"BUNBR",0.666666666666667
"576","Underdeveloped","Eastern Sector",2019,"BUNN",0.0714285714285714
"577","Underdeveloped","Eastern Sector",2019,"BUNN+",0
"578","Underdeveloped","Eastern Sector",2020,"BUNBR",0.4
"579","Underdeveloped","Eastern Sector",2020,"BUNN",0
"580","Underdeveloped","Eastern Sector",2020,"BUNN+",0.0714285714285714
"581","Underdeveloped","Eastern Sector",2021,"BUNBR",0.285714285714286
"582","Underdeveloped","Eastern Sector",2021,"BUNN",0.0666666666666667
"583","Underdeveloped","Eastern Sector",2021,"BUNN+",0.533333333333333
"584","Underdeveloped","Northern Sector",2011,"JUR",0
"585","Underdeveloped","Northern Sector",2011,"TLC",0
"586","Underdeveloped","Northern Sector",2011,"TLSZ",0
"587","Underdeveloped","Northern Sector",2012,"JUR",0
"588","Underdeveloped","Northern Sector",2012,"TLC",0
"589","Underdeveloped","Northern Sector",2012,"TLSZ",0
"590","Underdeveloped","Northern Sector",2013,"JUR",0
"591","Underdeveloped","Northern Sector",2013,"TLC",0
"592","Underdeveloped","Northern Sector",2013,"TLSZ",0
"593","Underdeveloped","Northern Sector",2014,"JUR",0
"594","Underdeveloped","Northern Sector",2014,"TLC",0
"595","Underdeveloped","Northern Sector",2014,"TLSZ",0
"596","Underdeveloped","Northern Sector",2015,"JUR",0.0833333333333333
"597","Underdeveloped","Northern Sector",2015,"TLC",0.214285714285714
"598","Underdeveloped","Northern Sector",2015,"TLSZ",0.428571428571429
"599","Underdeveloped","Northern Sector",2016,"JUR",0.0666666666666667
"600","Underdeveloped","Northern Sector",2016,"TLC",0
"601","Underdeveloped","Northern Sector",2016,"TLSZ",1.93333333333333
"602","Underdeveloped","Northern Sector",2017,"JUR",0.0666666666666667
"603","Underdeveloped","Northern Sector",2017,"TLC",0
"604","Underdeveloped","Northern Sector",2017,"TLSZ",0.133333333333333
"605","Underdeveloped","Northern Sector",2018,"JUR",0
"606","Underdeveloped","Northern Sector",2018,"TLC",0
"607","Underdeveloped","Northern Sector",2018,"TLSZ",0.2
"608","Underdeveloped","Northern Sector",2019,"JUR",0.2
"609","Underdeveloped","Northern Sector",2019,"TLC",0
"610","Underdeveloped","Northern Sector",2019,"TLSZ",0.0666666666666667
"611","Underdeveloped","Northern Sector",2020,"JUR",0.2
"612","Underdeveloped","Northern Sector",2020,"TLC",0.2
"613","Underdeveloped","Northern Sector",2020,"TLSZ",1.13333333333333
"614","Underdeveloped","Northern Sector",2021,"JUR",0.615384615384615
"615","Underdeveloped","Northern Sector",2021,"TLC",0.25
"616","Underdeveloped","Northern Sector",2021,"TLSZ",0.666666666666667
"617","Underdeveloped","Southern Sector",2011,"CBBR",0
"618","Underdeveloped","Southern Sector",2011,"CBIL",0
"619","Underdeveloped","Southern Sector",2011,"CBLN",0
"620","Underdeveloped","Southern Sector",2011,"CBOB",0
"621","Underdeveloped","Southern Sector",2011,"CBSL",0
"622","Underdeveloped","Southern Sector",2012,"CBBR",0
"623","Underdeveloped","Southern Sector",2012,"CBIL",0
"624","Underdeveloped","Southern Sector",2012,"CBLN",0
"625","Underdeveloped","Southern Sector",2012,"CBOB",0
"626","Underdeveloped","Southern Sector",2013,"CBBR",0
"627","Underdeveloped","Southern Sector",2013,"CBIL",0
"628","Underdeveloped","Southern Sector",2013,"CBOB",0
"629","Underdeveloped","Southern Sector",2014,"CBBR",0
"630","Underdeveloped","Southern Sector",2014,"CBIL",0
"631","Underdeveloped","Southern Sector",2014,"CBLN",0
"632","Underdeveloped","Southern Sector",2014,"CBOB",0
"633","Underdeveloped","Southern Sector",2015,"CBBR",0
"634","Underdeveloped","Southern Sector",2015,"CBIL",7.2
"635","Underdeveloped","Southern Sector",2015,"CBLN",1.28571428571429
"636","Underdeveloped","Southern Sector",2015,"CBOB",0.333333333333333
"637","Underdeveloped","Southern Sector",2016,"CBBR",1.73333333333333
"638","Underdeveloped","Southern Sector",2016,"CBIL",3.93333333333333
"639","Underdeveloped","Southern Sector",2016,"CBLN",2.4
"640","Underdeveloped","Southern Sector",2016,"CBOB",0.733333333333333
"641","Underdeveloped","Southern Sector",2017,"CBBR",0.866666666666667
"642","Underdeveloped","Southern Sector",2017,"CBIL",2.73333333333333
"643","Underdeveloped","Southern Sector",2017,"CBLN",3.6
"644","Underdeveloped","Southern Sector",2017,"CBOB",0.266666666666667
"645","Underdeveloped","Southern Sector",2018,"CBBR",0.866666666666667
"646","Underdeveloped","Southern Sector",2018,"CBIL",4.26666666666667
"647","Underdeveloped","Southern Sector",2018,"CBLN",2.26666666666667
"648","Underdeveloped","Southern Sector",2018,"CBOB",0.666666666666667
"649","Underdeveloped","Southern Sector",2019,"CBBR",0.333333333333333
"650","Underdeveloped","Southern Sector",2019,"CBIL",14.3333333333333
"651","Underdeveloped","Southern Sector",2019,"CBLN",6.8
"652","Underdeveloped","Southern Sector",2019,"CBOB",0.266666666666667
"653","Underdeveloped","Southern Sector",2020,"CBBR",0.25
"654","Underdeveloped","Southern Sector",2020,"CBIL",2.46666666666667
"655","Underdeveloped","Southern Sector",2020,"CBLN",2.57142857142857
"656","Underdeveloped","Southern Sector",2020,"CBOB",0.4
"657","Underdeveloped","Southern Sector",2021,"CBBR",0.857142857142857
"658","Underdeveloped","Southern Sector",2021,"CBIL",25
"659","Underdeveloped","Southern Sector",2021,"CBLN",2.33333333333333
"660","Underdeveloped","Southern Sector",2021,"CBOB",1.13333333333333
"661","Unknown","Eastern Sector",2011,"BUNBR",0
"662","Unknown","Eastern Sector",2011,"BUNN",0
"663","Unknown","Eastern Sector",2011,"BUNN+",0
"664","Unknown","Eastern Sector",2012,"BUNBR",0
"665","Unknown","Eastern Sector",2012,"BUNN",0
"666","Unknown","Eastern Sector",2012,"BUNN+",0
"667","Unknown","Eastern Sector",2013,"BUNBR",0
"668","Unknown","Eastern Sector",2013,"BUNN",0
"669","Unknown","Eastern Sector",2013,"BUNN+",0
"670","Unknown","Eastern Sector",2014,"BUNBR",0
"671","Unknown","Eastern Sector",2014,"BUNN",0
"672","Unknown","Eastern Sector",2014,"BUNN+",0
"673","Unknown","Eastern Sector",2015,"BUNBR",0
"674","Unknown","Eastern Sector",2015,"BUNN",0
"675","Unknown","Eastern Sector",2015,"BUNN+",0
"676","Unknown","Eastern Sector",2016,"BUNBR",0.0666666666666667
"677","Unknown","Eastern Sector",2016,"BUNN",0
"678","Unknown","Eastern Sector",2016,"BUNN+",0
"679","Unknown","Eastern Sector",2017,"BUNBR",0
"680","Unknown","Eastern Sector",2017,"BUNN",0
"681","Unknown","Eastern Sector",2017,"BUNN+",0
"682","Unknown","Eastern Sector",2018,"BUNBR",0
"683","Unknown","Eastern Sector",2018,"BUNN",0
"684","Unknown","Eastern Sector",2018,"BUNN+",0
"685","Unknown","Eastern Sector",2019,"BUNBR",0
"686","Unknown","Eastern Sector",2019,"BUNN",0
"687","Unknown","Eastern Sector",2019,"BUNN+",0
"688","Unknown","Eastern Sector",2020,"BUNBR",0
"689","Unknown","Eastern Sector",2020,"BUNN",0
"690","Unknown","Eastern Sector",2020,"BUNN+",0
"691","Unknown","Eastern Sector",2021,"BUNBR",0
"692","Unknown","Eastern Sector",2021,"BUNN",0
"693","Unknown","Eastern Sector",2021,"BUNN+",0
"694","Unknown","Northern Sector",2011,"JUR",0
"695","Unknown","Northern Sector",2011,"TLC",0
"696","Unknown","Northern Sector",2011,"TLSZ",0
"697","Unknown","Northern Sector",2012,"JUR",0
"698","Unknown","Northern Sector",2012,"TLC",0
"699","Unknown","Northern Sector",2012,"TLSZ",0
"700","Unknown","Northern Sector",2013,"JUR",0
"701","Unknown","Northern Sector",2013,"TLC",0
"702","Unknown","Northern Sector",2013,"TLSZ",0
"703","Unknown","Northern Sector",2014,"JUR",0
"704","Unknown","Northern Sector",2014,"TLC",0
"705","Unknown","Northern Sector",2014,"TLSZ",0
"706","Unknown","Northern Sector",2015,"JUR",0
"707","Unknown","Northern Sector",2015,"TLC",0
"708","Unknown","Northern Sector",2015,"TLSZ",0
"709","Unknown","Northern Sector",2016,"JUR",0
"710","Unknown","Northern Sector",2016,"TLC",0
"711","Unknown","Northern Sector",2016,"TLSZ",0
"712","Unknown","Northern Sector",2017,"JUR",0
"713","Unknown","Northern Sector",2017,"TLC",0
"714","Unknown","Northern Sector",2017,"TLSZ",0
"715","Unknown","Northern Sector",2018,"JUR",0
"716","Unknown","Northern Sector",2018,"TLC",0
"717","Unknown","Northern Sector",2018,"TLSZ",0
"718","Unknown","Northern Sector",2019,"JUR",0
"719","Unknown","Northern Sector",2019,"TLC",0
"720","Unknown","Northern Sector",2019,"TLSZ",0
"721","Unknown","Northern Sector",2020,"JUR",0
"722","Unknown","Northern Sector",2020,"TLC",0.2
"723","Unknown","Northern Sector",2020,"TLSZ",0.0666666666666667
"724","Unknown","Northern Sector",2021,"JUR",0
"725","Unknown","Northern Sector",2021,"TLC",0
"726","Unknown","Northern Sector",2021,"TLSZ",0.0666666666666667
"727","Unknown","Southern Sector",2011,"CBBR",0
"728","Unknown","Southern Sector",2011,"CBIL",0
"729","Unknown","Southern Sector",2011,"CBLN",0
"730","Unknown","Southern Sector",2011,"CBOB",0
"731","Unknown","Southern Sector",2011,"CBSL",0
"732","Unknown","Southern Sector",2012,"CBBR",0
"733","Unknown","Southern Sector",2012,"CBIL",0
"734","Unknown","Southern Sector",2012,"CBLN",0
"735","Unknown","Southern Sector",2012,"CBOB",0
"736","Unknown","Southern Sector",2013,"CBBR",0
"737","Unknown","Southern Sector",2013,"CBIL",0
"738","Unknown","Southern Sector",2013,"CBOB",0
"739","Unknown","Southern Sector",2014,"CBBR",0
"740","Unknown","Southern Sector",2014,"CBIL",0
"741","Unknown","Southern Sector",2014,"CBLN",0
"742","Unknown","Southern Sector",2014,"CBOB",0
"743","Unknown","Southern Sector",2015,"CBBR",0
"744","Unknown","Southern Sector",2015,"CBIL",0
"745","Unknown","Southern Sector",2015,"CBLN",0
"746","Unknown","Southern Sector",2015,"CBOB",0
"747","Unknown","Southern Sector",2016,"CBBR",0
"748","Unknown","Southern Sector",2016,"CBIL",0
"749","Unknown","Southern Sector",2016,"CBLN",0
"750","Unknown","Southern Sector",2016,"CBOB",0
"751","Unknown","Southern Sector",2017,"CBBR",0
"752","Unknown","Southern Sector",2017,"CBIL",0
"753","Unknown","Southern Sector",2017,"CBLN",0
"754","Unknown","Southern Sector",2017,"CBOB",0
"755","Unknown","Southern Sector",2018,"CBBR",0
"756","Unknown","Southern Sector",2018,"CBIL",0
"757","Unknown","Southern Sector",2018,"CBLN",0
"758","Unknown","Southern Sector",2018,"CBOB",0
"759","Unknown","Southern Sector",2019,"CBBR",0
"760","Unknown","Southern Sector",2019,"CBIL",0
"761","Unknown","Southern Sector",2019,"CBLN",0
"762","Unknown","Southern Sector",2019,"CBOB",0
"763","Unknown","Southern Sector",2020,"CBBR",0
"764","Unknown","Southern Sector",2020,"CBIL",0
"765","Unknown","Southern Sector",2020,"CBLN",0
"766","Unknown","Southern Sector",2020,"CBOB",0
"767","Unknown","Southern Sector",2021,"CBBR",0
"768","Unknown","Southern Sector",2021,"CBIL",0.0666666666666667
"769","Unknown","Southern Sector",2021,"CBLN",0
"770","Unknown","Southern Sector",2021,"CBOB",0
