"","campaignid","sample","family","genus","species","code","length","precision","rms","range","latitude","longitude","date","time","location","status","site","depth","observer","successful.count","successful.length","comment"
"1","2015-08_Ningaloo.deep.sanctuaries_stereoBRUVs","NCB1210","Lethrinidae","Lethrinus","nebulosus","37351008","582.21896","49.41077","12.50076","6900.48070","-22.052","113.8806","20150826","15:13:00","North.Mandu","Fished","MAN1","48.7","Brigit Vaughan","Yes","Yes",NA
"2","2015-08_Ningaloo.deep.sanctuaries_stereoBRUVs","NCB1210","Lethrinidae","Lethrinus","nebulosus","37351008","580.23626","2.65508","6.80782","2552.39402","-22.052","113.8806","20150826","15:13:00","North.Mandu","Fished","MAN1","48.7","Brigit Vaughan","Yes","Yes",NA
"3","2015-08_Ningaloo.deep.sanctuaries_stereoBRUVs","NCB1210","Lethrinidae","Lethrinus","nebulosus","37351008","513.04157","8.94668","3.40280","2694.46520","-22.052","113.8806","20150826","15:13:00","North.Mandu","Fished","MAN1","48.7","Brigit Vaughan","Yes","Yes",NA
"4","2015-08_Ningaloo.deep.sanctuaries_stereoBRUVs","NCB1210","Lethrinidae","Lethrinus","nebulosus","37351008","475.09925","8.63915","12.74698","3801.07831","-22.052","113.8806","20150826","15:13:00","North.Mandu","Fished","MAN1","48.7","Brigit Vaughan","Yes","Yes",NA
"5","2015-08_Ningaloo.deep.sanctuaries_stereoBRUVs","NCB1210","Lethrinidae","Lethrinus","nebulosus","37351008","495.82320","14.56950","10.12544","5679.29654","-22.052","113.8806","20150826","15:13:00","North.Mandu","Fished","MAN1","48.7","Brigit Vaughan","Yes","Yes",NA
"6","2015-08_Ningaloo.deep.sanctuaries_stereoBRUVs","NCB1210","Lethrinidae","Lethrinus","nebulosus","37351008","477.97246","10.82449","14.11187","5258.33147","-22.052","113.8806","20150826","15:13:00","North.Mandu","Fished","MAN1","48.7","Brigit Vaughan","Yes","Yes",NA
"7","2015-08_Ningaloo.deep.sanctuaries_stereoBRUVs","NCB1210","Lethrinidae","Lethrinus","nebulosus","37351008","589.78818","39.26830","16.84591","5891.82248","-22.052","113.8806","20150826","15:13:00","North.Mandu","Fished","MAN1","48.7","Brigit Vaughan","Yes","Yes",NA
"8","2015-08_Ningaloo.deep.sanctuaries_stereoBRUVs","NCB1210","Lethrinidae","Lethrinus","nebulosus","37351008","484.71157","3.71654","8.36040","3001.76689","-22.052","113.8806","20150826","15:13:00","North.Mandu","Fished","MAN1","48.7","Brigit Vaughan","Yes","Yes",NA
"9","2015-08_Ningaloo.deep.sanctuaries_stereoBRUVs","NCB1184","Lethrinidae","Lethrinus","nebulosus","37351008","457.37740","0.84941","1.42296","1475.52461","-22.2661","113.805","20150826","8:20:00","Osprey.Sanctuary","No-take","O5","36.6","Arthur de Lima","Yes","Yes",NA
"10","2015-08_Ningaloo.deep.sanctuaries_stereoBRUVs","NCB1184","Lethrinidae","Lethrinus","nebulosus","37351008","511.03030","2.55654","0.14034","1790.73323","-22.2661","113.805","20150826","8:20:00","Osprey.Sanctuary","No-take","O5","36.6","Arthur de Lima","Yes","Yes",NA
"11","2015-08_Ningaloo.deep.sanctuaries_stereoBRUVs","NCB1184","Lethrinidae","Lethrinus","nebulosus","37351008","507.88320","2.55838","1.17742","1784.60781","-22.2661","113.805","20150826","8:20:00","Osprey.Sanctuary","No-take","O5","36.6","Arthur de Lima","Yes","Yes",NA
"12","2015-08_Ningaloo.deep.sanctuaries_stereoBRUVs","NCB1184","Lethrinidae","Lethrinus","nebulosus","37351008","415.81900","8.63161","5.62512","3748.24115","-22.2661","113.805","20150826","8:20:00","Osprey.Sanctuary","No-take","O5","36.6","Arthur de Lima","Yes","Yes",NA
"13","2015-08_Ningaloo.deep.sanctuaries_stereoBRUVs","NCB1184","Lethrinidae","Lethrinus","nebulosus","37351008","455.45757","0.82344","6.25037","1393.27986","-22.2661","113.805","20150826","8:20:00","Osprey.Sanctuary","No-take","O5","36.6","Arthur de Lima","Yes","Yes",NA
"14","2015-08_Ningaloo.deep.sanctuaries_stereoBRUVs","NCB1184","Lethrinidae","Lethrinus","nebulosus","37351008","398.75639","1.11578","2.08283","1115.84707","-22.2661","113.805","20150826","8:20:00","Osprey.Sanctuary","No-take","O5","36.6","Arthur de Lima","Yes","Yes",NA
"15","2015-08_Ningaloo.deep.sanctuaries_stereoBRUVs","NCB1140","Lethrinidae","Lethrinus","nebulosus","37351008","664.03843","24.09981","2.53981","4335.73971","-23.2202","113.7273","20150823","15:32:00","Between.Maud.and.Pelican","Fished","PN2","43.9","Todd Bond","Yes","Yes",NA
"16","2015-08_Ningaloo.deep.sanctuaries_stereoBRUVs","NCB1190","Lethrinidae","Lethrinus","nebulosus","37351008","589.30014","2.99812","7.01708","3544.54260","-22.2135","113.8266","20150826","10:22:00","Between.Mandu.and.Osprey","Fished","ON1","38.7","Matt Birt","Yes","Yes",NA
"17","2015-08_Ningaloo.deep.sanctuaries_stereoBRUVs","NCB1190","Lethrinidae","Lethrinus","nebulosus","37351008","656.22254","14.91849","7.86231","3940.24367","-22.2135","113.8266","20150826","10:22:00","Between.Mandu.and.Osprey","Fished","ON1","38.7","Matt Birt","Yes","Yes",NA
"18","2015-08_Ningaloo.deep.sanctuaries_stereoBRUVs","NCB1142","Lethrinidae","Lethrinus","nebulosus","37351008","641.38968","11.08490","2.56017","2640.27236","-23.1667","113.7322","20150824","8:24:00","Maud.deep.outside","Fished","PN3","40.1","Nicole Ryan","Yes","Yes",NA
"19","2015-08_Ningaloo.deep.sanctuaries_stereoBRUVs","NCB1213","Lethrinidae","Lethrinus","nebulosus","37351008","518.62939","6.89768","6.56145","3596.05621","-22.0094","113.8916","20150826","15:40:00","North.Mandu","Fished","MAN2","47.5","Matt Birt","Yes","Yes",NA
"20","2015-08_Ningaloo.deep.sanctuaries_stereoBRUVs","NCB1213","Lethrinidae","Lethrinus","nebulosus","37351008","493.20592","4.24278","2.73782","1911.39548","-22.0094","113.8916","20150826","15:40:00","North.Mandu","Fished","MAN2","47.5","Matt Birt","Yes","Yes",NA
"21","2015-08_Ningaloo.deep.sanctuaries_stereoBRUVs","NCB1213","Lethrinidae","Lethrinus","nebulosus","37351008","484.14175","8.82720","4.92723","2696.37060","-22.0094","113.8916","20150826","15:40:00","North.Mandu","Fished","MAN2","47.5","Matt Birt","Yes","Yes",NA
"22","2015-08_Ningaloo.deep.sanctuaries_stereoBRUVs","NCB1213","Lethrinidae","Lethrinus","nebulosus","37351008","500.06358","1.80336","4.46451","1671.72006","-22.0094","113.8916","20150826","15:40:00","North.Mandu","Fished","MAN2","47.5","Matt Birt","Yes","Yes",NA
"23","2015-08_Ningaloo.deep.sanctuaries_stereoBRUVs","NCB1213","Lethrinidae","Lethrinus","nebulosus","37351008","475.22514","2.88064","3.37689","1743.38136","-22.0094","113.8916","20150826","15:40:00","North.Mandu","Fished","MAN2","47.5","Matt Birt","Yes","Yes",NA
"24","2015-08_Ningaloo.deep.sanctuaries_stereoBRUVs","NCB1213","Lethrinidae","Lethrinus","nebulosus","37351008","539.21188","3.18750","5.90636","1943.47581","-22.0094","113.8916","20150826","15:40:00","North.Mandu","Fished","MAN2","47.5","Matt Birt","Yes","Yes",NA
"25","2015-08_Ningaloo.deep.sanctuaries_stereoBRUVs","NCB1045","Lethrinidae","Lethrinus","nebulosus","37351008","211.23829","15.46823","3.13033","4320.68406","-22.4789","113.6716","20150820","10:15:00","Winderabandi.deep.outside","Fished","CN3","37.2","Katrina Bornt","Yes","Yes",NA
"26","2015-08_Ningaloo.deep.sanctuaries_stereoBRUVs","NCB1038","Lethrinidae","Lethrinus","nebulosus","37351008","613.24007","12.11391","15.36456","4493.47351","-22.3645","113.7366","20150820","9:12:00","Between.Winderabandi.and.Cloates","Fished","CN6","45.2","Katrina Bornt","Yes","Yes",NA
"27","2015-08_Ningaloo.deep.sanctuaries_stereoBRUVs","NCB1145","Lethrinidae","Lethrinus","nebulosus","37351008","551.52679","1.50352","1.38367","1362.07421","-23.0921","113.7196","20150824","9:08:00","Maud.deep.outside","Fished","PN4","38.5","Nicole Ryan","Yes","Yes",NA
"28","2015-08_Ningaloo.deep.sanctuaries_stereoBRUVs","NCB1145","Lethrinidae","Lethrinus","nebulosus","37351008","592.93650","1.99700","5.08526","1346.64774","-23.0921","113.7196","20150824","9:08:00","Maud.deep.outside","Fished","PN4","38.5","Nicole Ryan","Yes","Yes",NA
"29","2015-08_Ningaloo.deep.sanctuaries_stereoBRUVs","NCB1145","Lethrinidae","Lethrinus","nebulosus","37351008","517.30838","2.22127","6.14632","1353.56786","-23.0921","113.7196","20150824","9:08:00","Maud.deep.outside","Fished","PN4","38.5","Nicole Ryan","Yes","Yes",NA
"30","2015-08_Ningaloo.deep.sanctuaries_stereoBRUVs","NCB1145","Lethrinidae","Lethrinus","nebulosus","37351008","561.87886","2.20031","3.45931","1305.02685","-23.0921","113.7196","20150824","9:08:00","Maud.deep.outside","Fished","PN4","38.5","Nicole Ryan","Yes","Yes",NA
"31","2015-08_Ningaloo.deep.sanctuaries_stereoBRUVs","NCB1145","Lethrinidae","Lethrinus","nebulosus","37351008","507.30685","1.40273","1.99959","1515.83419","-23.0921","113.7196","20150824","9:08:00","Maud.deep.outside","Fished","PN4","38.5","Nicole Ryan","Yes","Yes",NA
"32","2015-08_Ningaloo.deep.sanctuaries_stereoBRUVs","NCB1145","Lethrinidae","Lethrinus","nebulosus","37351008","534.02387","7.40362","5.40258","3498.67017","-23.0921","113.7196","20150824","9:08:00","Maud.deep.outside","Fished","PN4","38.5","Nicole Ryan","Yes","Yes",NA
"33","2015-08_Ningaloo.deep.sanctuaries_stereoBRUVs","NCB1145","Lethrinidae","Lethrinus","nebulosus","37351008","543.59566","7.47446","2.43673","3494.29662","-23.0921","113.7196","20150824","9:08:00","Maud.deep.outside","Fished","PN4","38.5","Nicole Ryan","Yes","Yes",NA
"34","2015-08_Ningaloo.deep.sanctuaries_stereoBRUVs","NCB1126","Lethrinidae","Lethrinus","nebulosus","37351008","369.35779","8.32326","5.78003","3563.12679","-23.4351","113.7402","20150823","10:08:00","Pelican.Sanctuary","No-take","P1","41.3","Brigit Vaughan","Yes","Yes",NA
"35","2015-08_Ningaloo.deep.sanctuaries_stereoBRUVs","NCB1188","Lethrinidae","Lethrinus","nebulosus","37351008","274.95112","1.40983","10.07074","1120.76449","-22.2229","113.8249","20150826","8:44:00","Osprey.Sanctuary","No-take","O6","32.5","Matt Birt","Yes","Yes",NA
"36","2015-08_Ningaloo.deep.sanctuaries_stereoBRUVs","NCB1188","Lethrinidae","Lethrinus","nebulosus","37351008","316.64852","0.71323","2.40836","1175.02283","-22.2229","113.8249","20150826","8:44:00","Osprey.Sanctuary","No-take","O6","32.5","Matt Birt","Yes","Yes",NA
"37","2015-08_Ningaloo.deep.sanctuaries_stereoBRUVs","NCB1188","Lethrinidae","Lethrinus","nebulosus","37351008","366.15629","0.81091","6.62381","1261.24915","-22.2229","113.8249","20150826","8:44:00","Osprey.Sanctuary","No-take","O6","32.5","Matt Birt","Yes","Yes",NA
"38","2015-08_Ningaloo.deep.sanctuaries_stereoBRUVs","NCB1188","Lethrinidae","Lethrinus","nebulosus","37351008","263.55184","1.58865","10.60482","1142.78521","-22.2229","113.8249","20150826","8:44:00","Osprey.Sanctuary","No-take","O6","32.5","Matt Birt","Yes","Yes",NA
"39","2015-08_Ningaloo.deep.sanctuaries_stereoBRUVs","NCB1188","Lethrinidae","Lethrinus","nebulosus","37351008","505.26349","1.29296","15.43279","841.30068","-22.2229","113.8249","20150826","8:44:00","Osprey.Sanctuary","No-take","O6","32.5","Matt Birt","Yes","Yes",NA
"40","2015-08_Ningaloo.deep.sanctuaries_stereoBRUVs","NCB1188","Lethrinidae","Lethrinus","nebulosus","37351008","286.18055","0.92975","3.09092","1368.11228","-22.2229","113.8249","20150826","8:44:00","Osprey.Sanctuary","No-take","O6","32.5","Matt Birt","Yes","Yes",NA
"41","2015-08_Ningaloo.deep.sanctuaries_stereoBRUVs","NCB1188","Lethrinidae","Lethrinus","nebulosus","37351008","343.77473","1.36238","3.20227","1261.06168","-22.2229","113.8249","20150826","8:44:00","Osprey.Sanctuary","No-take","O6","32.5","Matt Birt","Yes","Yes",NA
"42","2015-08_Ningaloo.deep.sanctuaries_stereoBRUVs","NCB1188","Lethrinidae","Lethrinus","nebulosus","37351008","377.60387","2.76591","8.30758","1718.82114","-22.2229","113.8249","20150826","8:44:00","Osprey.Sanctuary","No-take","O6","32.5","Matt Birt","Yes","Yes",NA
"43","2015-08_Ningaloo.deep.sanctuaries_stereoBRUVs","NCB1188","Lethrinidae","Lethrinus","nebulosus","37351008","377.05445","0.87559","5.96991","1334.81090","-22.2229","113.8249","20150826","8:44:00","Osprey.Sanctuary","No-take","O6","32.5","Matt Birt","Yes","Yes",NA
"44","2015-08_Ningaloo.deep.sanctuaries_stereoBRUVs","NCB1048","Lethrinidae","Lethrinus","nebulosus","37351008","450.55183","3.38036","2.92068","3817.28698","-22.5266","113.6439","20150820","12:56:00","Between.Winderabandi.and.Cloates","Fished","CN2","53.6","Todd Bond","Yes","Yes",NA
"45","2015-08_Ningaloo.deep.sanctuaries_stereoBRUVs","NCB1174","Lethrinidae","Lethrinus","nebulosus","37351008","605.43625","26.29580","19.98188","6655.42423","-22.2599","113.8073","20150825","13:33:00","Osprey.Sanctuary","No-take","O5","39.4","Matt Birt","Yes","Yes",NA
"46","2015-08_Ningaloo.deep.sanctuaries_stereoBRUVs","NCB1182","Lethrinidae","Lethrinus","nebulosus","37351008","364.46439","2.99347","0.45776","1594.34870","-22.2912","113.7942","20150826","8:09:00","Osprey.Sanctuary","No-take","O3","28.4","Brigit Vaughan","Yes","Yes",NA
"47","2015-08_Ningaloo.deep.sanctuaries_stereoBRUVs","NCB1182","Lethrinidae","Lethrinus","nebulosus","37351008","319.19673","3.14973","3.11320","1510.97711","-22.2912","113.7942","20150826","8:09:00","Osprey.Sanctuary","No-take","O3","28.4","Brigit Vaughan","Yes","Yes",NA
"48","2015-08_Ningaloo.deep.sanctuaries_stereoBRUVs","NCB1182","Lethrinidae","Lethrinus","nebulosus","37351008","480.50431","4.96007","1.71730","1876.68506","-22.2912","113.7942","20150826","8:09:00","Osprey.Sanctuary","No-take","O3","28.4","Brigit Vaughan","Yes","Yes",NA
"49","2015-08_Ningaloo.deep.sanctuaries_stereoBRUVs","NCB1152","Lethrinidae","Lethrinus","nebulosus","37351008","438.14262","1.01727","2.30707","1542.28398","-22.8887","113.7136","20150824","13:32:00","Cloates.Sanctuary","No-take","C1","43.8","Todd Bond","Yes","Yes",NA
"50","2015-08_Ningaloo.deep.sanctuaries_stereoBRUVs","NCB1152","Lethrinidae","Lethrinus","nebulosus","37351008","503.15658","1.62761","2.74273","1510.19934","-22.8887","113.7136","20150824","13:32:00","Cloates.Sanctuary","No-take","C1","43.8","Todd Bond","Yes","Yes",NA
"51","2015-08_Ningaloo.deep.sanctuaries_stereoBRUVs","NCB1180","Lethrinidae","Lethrinus","nebulosus","37351008","555.61666","6.77824","18.03029","2607.92177","-22.3126","113.7778","20150826","7:56:00","Osprey.Sanctuary","No-take","O2","28.1","Matt Birt","Yes","Yes",NA
"52","2015-08_Ningaloo.deep.sanctuaries_stereoBRUVs","NCB1039","Lethrinidae","Lethrinus","nebulosus","37351008","649.46525","49.44551","15.01969","5655.29255","-22.381","113.7293","20150820","9:22:00","Winderabandi.deep.outside","Fished","CN5","46.5","Todd Bond","Yes","Yes",NA
"53","2015-08_Ningaloo.deep.sanctuaries_stereoBRUVs","NCB1173","Lethrinidae","Lethrinus","nebulosus","37351008","678.65589","14.46167","3.77467","3853.10920","-22.2704","113.7979","20150825","13:23:00","Osprey.Sanctuary","No-take","O4","51.1","Brigit Vaughan","Yes","Yes",NA
"54","2015-08_Ningaloo.deep.sanctuaries_stereoBRUVs","NCB1173","Lethrinidae","Lethrinus","nebulosus","37351008","418.25435","0.70614","1.82397","1069.51358","-22.2704","113.7979","20150825","13:23:00","Osprey.Sanctuary","No-take","O4","51.1","Brigit Vaughan","Yes","Yes",NA
"55","2015-08_Ningaloo.deep.sanctuaries_stereoBRUVs","NCB1173","Lethrinidae","Lethrinus","nebulosus","37351008","429.45682","0.91540","1.81066","1446.46434","-22.2704","113.7979","20150825","13:23:00","Osprey.Sanctuary","No-take","O4","51.1","Brigit Vaughan","Yes","Yes",NA
"56","2015-08_Ningaloo.deep.sanctuaries_stereoBRUVs","NCB1173","Lethrinidae","Lethrinus","nebulosus","37351008","563.41035","4.95895","4.73348","2027.19941","-22.2704","113.7979","20150825","13:23:00","Osprey.Sanctuary","No-take","O4","51.1","Brigit Vaughan","Yes","Yes",NA
"57","2015-08_Ningaloo.deep.sanctuaries_stereoBRUVs","NCB1173","Lethrinidae","Lethrinus","nebulosus","37351008","426.47276","2.26746","2.68923","2071.65917","-22.2704","113.7979","20150825","13:23:00","Osprey.Sanctuary","No-take","O4","51.1","Brigit Vaughan","Yes","Yes",NA
"58","2015-08_Ningaloo.deep.sanctuaries_stereoBRUVs","NCB1173","Lethrinidae","Lethrinus","nebulosus","37351008","426.22841","0.80242","3.90273","1281.00906","-22.2704","113.7979","20150825","13:23:00","Osprey.Sanctuary","No-take","O4","51.1","Brigit Vaughan","Yes","Yes",NA
"59","2015-08_Ningaloo.deep.sanctuaries_stereoBRUVs","NCB1041","Lethrinidae","Lethrinus","nebulosus","37351008","398.27966","6.12044","1.87183","2851.79400","-22.4147","113.7137","20150820","9:43:00","Winderabandi.deep.outside","Fished","CN5","43.9","Izzy Lindgren","Yes","Yes",NA
"60","2015-08_Ningaloo.deep.sanctuaries_stereoBRUVs","NCB1041","Lethrinidae","Lethrinus","nebulosus","37351008","371.10218","6.02026","2.90140","3662.29004","-22.4147","113.7137","20150820","9:43:00","Winderabandi.deep.outside","Fished","CN5","43.9","Izzy Lindgren","Yes","Yes",NA
"61","2015-08_Ningaloo.deep.sanctuaries_stereoBRUVs","NCB1041","Lethrinidae","Lethrinus","nebulosus","37351008","456.62892","9.83556","7.62423","2699.70137","-22.4147","113.7137","20150820","9:43:00","Winderabandi.deep.outside","Fished","CN5","43.9","Izzy Lindgren","Yes","Yes",NA
"62","2015-08_Ningaloo.deep.sanctuaries_stereoBRUVs","NCB1149","Lethrinidae","Lethrinus","nebulosus","37351008","453.62579","1.24319","7.57208","1375.50719","-22.9818","113.7262","20150824","9:53:00","Between.Cloates.and.Maud","Fished","PN5","48.3","Nicole Ryan","Yes","Yes",NA
"63","2015-08_Ningaloo.deep.sanctuaries_stereoBRUVs","NCB1149","Lethrinidae","Lethrinus","nebulosus","37351008","441.71084","2.43093","1.00461","1534.66883","-22.9818","113.7262","20150824","9:53:00","Between.Cloates.and.Maud","Fished","PN5","48.3","Nicole Ryan","Yes","Yes",NA
"64","2015-08_Ningaloo.deep.sanctuaries_stereoBRUVs","NCB1149","Lethrinidae","Lethrinus","nebulosus","37351008","453.67895","0.91796","8.25439","1396.05383","-22.9818","113.7262","20150824","9:53:00","Between.Cloates.and.Maud","Fished","PN5","48.3","Nicole Ryan","Yes","Yes",NA
"65","2015-08_Ningaloo.deep.sanctuaries_stereoBRUVs","NCB1149","Lethrinidae","Lethrinus","nebulosus","37351008","431.99249","0.80816","3.38054","1186.68444","-22.9818","113.7262","20150824","9:53:00","Between.Cloates.and.Maud","Fished","PN5","48.3","Nicole Ryan","Yes","Yes",NA
"66","2015-08_Ningaloo.deep.sanctuaries_stereoBRUVs","NCB1186","Lethrinidae","Lethrinus","nebulosus","37351008","595.45052","6.62999","7.81852","2305.75158","-22.242","113.8166","20150826","8:33:00","Osprey.Sanctuary","No-take","O6","38.1","Brigit Vaughan","Yes","Yes",NA
"67","2015-08_Ningaloo.deep.sanctuaries_stereoBRUVs","NCB1186","Lethrinidae","Lethrinus","nebulosus","37351008","558.81920","3.43064","2.90412","1925.36828","-22.242","113.8166","20150826","8:33:00","Osprey.Sanctuary","No-take","O6","38.1","Brigit Vaughan","Yes","Yes",NA
"68","2015-08_Ningaloo.deep.sanctuaries_stereoBRUVs","NCB1186","Lethrinidae","Lethrinus","nebulosus","37351008","537.65790","4.50564","5.16821","2729.63292","-22.242","113.8166","20150826","8:33:00","Osprey.Sanctuary","No-take","O6","38.1","Brigit Vaughan","Yes","Yes",NA
"69","2015-08_Ningaloo.deep.sanctuaries_stereoBRUVs","NCB1186","Lethrinidae","Lethrinus","nebulosus","37351008","474.14137","1.41296","8.27202","1564.20703","-22.242","113.8166","20150826","8:33:00","Osprey.Sanctuary","No-take","O6","38.1","Brigit Vaughan","Yes","Yes",NA
"70","2015-08_Ningaloo.deep.sanctuaries_stereoBRUVs","NCB1186","Lethrinidae","Lethrinus","nebulosus","37351008","562.39648","4.01998","5.43149","1731.45046","-22.242","113.8166","20150826","8:33:00","Osprey.Sanctuary","No-take","O6","38.1","Brigit Vaughan","Yes","Yes",NA
"71","2015-08_Ningaloo.deep.sanctuaries_stereoBRUVs","NCB1211","Lethrinidae","Lethrinus","nebulosus","37351008","572.09701","8.39607","4.17061","3864.58462","-22.0395","113.8867","20150826","15:24:00","North.Mandu","Fished","MAN1","39.4","Matt Birt","Yes","Yes",NA
"72","2015-08_Ningaloo.deep.sanctuaries_stereoBRUVs","NCB1211","Lethrinidae","Lethrinus","nebulosus","37351008","562.09266","5.35452","3.74504","1992.40321","-22.0395","113.8867","20150826","15:24:00","North.Mandu","Fished","MAN1","39.4","Matt Birt","Yes","Yes",NA
"73","2015-08_Ningaloo.deep.sanctuaries_stereoBRUVs","NCB1211","Lethrinidae","Lethrinus","nebulosus","37351008","522.36650","21.05521","16.88928","4938.47535","-22.0395","113.8867","20150826","15:24:00","North.Mandu","Fished","MAN1","39.4","Matt Birt","Yes","Yes",NA
"74","2015-08_Ningaloo.deep.sanctuaries_stereoBRUVs","NCB1211","Lethrinidae","Lethrinus","nebulosus","37351008","440.71713","24.45165","3.67494","4675.99781","-22.0395","113.8867","20150826","15:24:00","North.Mandu","Fished","MAN1","39.4","Matt Birt","Yes","Yes",NA
"75","2015-08_Ningaloo.deep.sanctuaries_stereoBRUVs","NCB1187","Lethrinidae","Lethrinus","nebulosus","37351008","378.35514","17.75616","7.51130","4562.80706","-22.2308","113.8224","20150826","8:38:00","Osprey.Sanctuary","No-take","O6","30.9","Brigit Vaughan","Yes","Yes",NA
"76","2015-08_Ningaloo.deep.sanctuaries_stereoBRUVs","NCB1165","Lethrinidae","Lethrinus","nebulosus","37351008","334.19528","2.68553","5.71220","1493.11961","-22.6704","113.5918","20150825","9:18:00","Cloates.Sanctuary","No-take","C5","39.9","Matt Birt","Yes","Yes",NA
"77","2015-08_Ningaloo.deep.sanctuaries_stereoBRUVs","NCB1165","Lethrinidae","Lethrinus","nebulosus","37351008","487.44268","1.90483","2.70022","1205.11787","-22.6704","113.5918","20150825","9:18:00","Cloates.Sanctuary","No-take","C5","39.9","Matt Birt","Yes","Yes",NA
"78","2015-08_Ningaloo.deep.sanctuaries_stereoBRUVs","NCB1209","Lethrinidae","Lethrinus","nebulosus","37351008","610.35726","4.45156","12.94664","1790.96707","-22.0654","113.8794","20150826","15:07:00","North.Mandu","Fished","MAN1","40.8","Katrina Bornt","Yes","Yes",NA
"79","2015-08_Ningaloo.deep.sanctuaries_stereoBRUVs","NCB1216","Lethrinidae","Lethrinus","nebulosus","37351008","522.36483","3.35670","2.84266","1897.95428","-21.9673","113.9013","20150827","8:28:00","North.Mandu","Fished","MAN3","50","Arthur de Lima","Yes","Yes",NA
"80","2015-08_Ningaloo.deep.sanctuaries_stereoBRUVs","NCB1181","Lethrinidae","Lethrinus","nebulosus","37351008","233.89982","1.19002","4.26006","1573.33394","-22.3031","113.7885","20150826","8:02:00","Osprey.Sanctuary","No-take","O3","32.5","Brigit Vaughan","Yes","Yes",NA
"81","2015-08_Ningaloo.deep.sanctuaries_stereoBRUVs","NCB1181","Lethrinidae","Lethrinus","nebulosus","37351008","427.55366","6.22011","1.18419","3350.25427","-22.3031","113.7885","20150826","8:02:00","Osprey.Sanctuary","No-take","O3","32.5","Brigit Vaughan","Yes","Yes",NA
"82","2015-08_Ningaloo.deep.sanctuaries_stereoBRUVs","NCB1164","Lethrinidae","Lethrinus","nebulosus","37351008","400.01945","3.27473","4.39736","2046.63067","-22.6884","113.5936","20150825","9:10:00","Cloates.Sanctuary","No-take","C5","43.9","Brigit Vaughan","Yes","Yes",NA
"83","2015-08_Ningaloo.deep.sanctuaries_stereoBRUVs","NCB1164","Lethrinidae","Lethrinus","nebulosus","37351008","420.81459","19.64565","17.86440","6947.53693","-22.6884","113.5936","20150825","9:10:00","Cloates.Sanctuary","No-take","C5","43.9","Brigit Vaughan","Yes","Yes",NA
"84","2015-08_Ningaloo.deep.sanctuaries_stereoBRUVs","NCB1164","Lethrinidae","Lethrinus","nebulosus","37351008","393.93369","2.43325","3.17321","2030.05262","-22.6884","113.5936","20150825","9:10:00","Cloates.Sanctuary","No-take","C5","43.9","Brigit Vaughan","Yes","Yes",NA
"85","2015-08_Ningaloo.deep.sanctuaries_stereoBRUVs","NCB1164","Lethrinidae","Lethrinus","nebulosus","37351008","405.08391","4.15868","4.80217","3115.67497","-22.6884","113.5936","20150825","9:10:00","Cloates.Sanctuary","No-take","C5","43.9","Brigit Vaughan","Yes","Yes",NA
"86","2015-08_Ningaloo.deep.sanctuaries_stereoBRUVs","NCB1164","Lethrinidae","Lethrinus","nebulosus","37351008","427.56621","4.93564","1.85073","1951.13526","-22.6884","113.5936","20150825","9:10:00","Cloates.Sanctuary","No-take","C5","43.9","Brigit Vaughan","Yes","Yes",NA
"87","2015-08_Ningaloo.deep.sanctuaries_stereoBRUVs","NCB1164","Lethrinidae","Lethrinus","nebulosus","37351008","531.55316","3.30306","2.70942","2392.62630","-22.6884","113.5936","20150825","9:10:00","Cloates.Sanctuary","No-take","C5","43.9","Brigit Vaughan","Yes","Yes",NA
"88","2015-08_Ningaloo.deep.sanctuaries_stereoBRUVs","NCB1164","Lethrinidae","Lethrinus","nebulosus","37351008","442.76514","5.44920","6.41573","2078.30430","-22.6884","113.5936","20150825","9:10:00","Cloates.Sanctuary","No-take","C5","43.9","Brigit Vaughan","Yes","Yes",NA
"89","2015-08_Ningaloo.deep.sanctuaries_stereoBRUVs","NCB1164","Lethrinidae","Lethrinus","nebulosus","37351008","366.39702","5.74495","1.93474","2116.55221","-22.6884","113.5936","20150825","9:10:00","Cloates.Sanctuary","No-take","C5","43.9","Brigit Vaughan","Yes","Yes",NA
"90","2015-08_Ningaloo.deep.sanctuaries_stereoBRUVs","NCB1164","Lethrinidae","Lethrinus","nebulosus","37351008","432.92027","8.09513","8.06243","2413.70985","-22.6884","113.5936","20150825","9:10:00","Cloates.Sanctuary","No-take","C5","43.9","Brigit Vaughan","Yes","Yes",NA
"91","2015-08_Ningaloo.deep.sanctuaries_stereoBRUVs","NCB1164","Lethrinidae","Lethrinus","nebulosus","37351008","480.18555","6.11646","5.03868","3277.45111","-22.6884","113.5936","20150825","9:10:00","Cloates.Sanctuary","No-take","C5","43.9","Brigit Vaughan","Yes","Yes",NA
"92","2015-08_Ningaloo.deep.sanctuaries_stereoBRUVs","NCB1164","Lethrinidae","Lethrinus","nebulosus","37351008","363.67618","5.17253","0.80524","2504.48346","-22.6884","113.5936","20150825","9:10:00","Cloates.Sanctuary","No-take","C5","43.9","Brigit Vaughan","Yes","Yes",NA
"93","2015-08_Ningaloo.deep.sanctuaries_stereoBRUVs","NCB1053","Lethrinidae","Lethrinus","nebulosus","37351008","510.18429","1.37503","4.78655","1274.81359","-22.608","113.6131","20150820","13:33:00","Cloates.Sanctuary","No-take","C7","46.3","Izzy Lindgren","Yes","Yes",NA
"94","2015-08_Ningaloo.deep.sanctuaries_stereoBRUVs","NCB1167","Lethrinidae","Lethrinus","nebulosus","37351008","312.33164","31.10069","10.79023","4833.52999","-22.3534","113.748","20150825","12:19:00","Between.Osprey.and.Winderabandi","Fished","CN6","39.9","Brigit Vaughan","Yes","Yes",NA
"95","2015-08_Ningaloo.deep.sanctuaries_stereoBRUVs","NCB1167","Lethrinidae","Lethrinus","nebulosus","37351008","578.88140","3.15508","3.52725","2905.58762","-22.3534","113.748","20150825","12:19:00","Between.Osprey.and.Winderabandi","Fished","CN6","39.9","Brigit Vaughan","Yes","Yes",NA
"96","2015-08_Ningaloo.deep.sanctuaries_stereoBRUVs","NCB1167","Lethrinidae","Lethrinus","nebulosus","37351008","367.65847","14.62781","7.13907","3445.97002","-22.3534","113.748","20150825","12:19:00","Between.Osprey.and.Winderabandi","Fished","CN6","39.9","Brigit Vaughan","Yes","Yes",NA
"97","2015-08_Ningaloo.deep.sanctuaries_stereoBRUVs","NCB1167","Lethrinidae","Lethrinus","nebulosus","37351008","503.65824","53.66598","18.06076","6294.60022","-22.3534","113.748","20150825","12:19:00","Between.Osprey.and.Winderabandi","Fished","CN6","39.9","Brigit Vaughan","Yes","Yes",NA
"98","2015-08_Ningaloo.deep.sanctuaries_stereoBRUVs","NCB1167","Lethrinidae","Lethrinus","nebulosus","37351008","483.93869","43.56784","10.21506","7145.80139","-22.3534","113.748","20150825","12:19:00","Between.Osprey.and.Winderabandi","Fished","CN6","39.9","Brigit Vaughan","Yes","Yes",NA
"99","2015-08_Ningaloo.deep.sanctuaries_stereoBRUVs","NCB1167","Lethrinidae","Lethrinus","nebulosus","37351008","531.68715","0.90643","11.79163","1325.64906","-22.3534","113.748","20150825","12:19:00","Between.Osprey.and.Winderabandi","Fished","CN6","39.9","Brigit Vaughan","Yes","Yes",NA
"100","2015-08_Ningaloo.deep.sanctuaries_stereoBRUVs","NCB1176","Lethrinidae","Lethrinus","nebulosus","37351008","567.90431","2.94054","1.51741","2348.31461","-22.2297","113.818","20150825","13:52:00","Osprey.Sanctuary","No-take","O6","44.5","Matt Birt","Yes","Yes",NA
"101","2015-08_Ningaloo.deep.sanctuaries_stereoBRUVs","NCB1150","Lethrinidae","Lethrinus","nebulosus","37351008","415.62435","0.70218","1.80965","1046.48369","-22.9501","113.7235","20150824","10:06:00","Between.Cloates.and.Maud","Fished","PN5","38.7","Nicole Ryan","Yes","Yes",NA
"102","2015-08_Ningaloo.deep.sanctuaries_stereoBRUVs","NCB1192","Lethrinidae","Lethrinus","nebulosus","37351008","478.09610","8.24509","4.82040","3574.00281","-22.2054","113.8291","20150826","10:36:00","Between.Mandu.and.Osprey","Fished","ON2","39.2","Brigit Vaughan","Yes","Yes",NA
"103","2015-08_Ningaloo.deep.sanctuaries_stereoBRUVs","NCB1192","Lethrinidae","Lethrinus","nebulosus","37351008","670.55894","21.61979","12.54535","4606.15845","-22.2054","113.8291","20150826","10:36:00","Between.Mandu.and.Osprey","Fished","ON2","39.2","Brigit Vaughan","Yes","Yes",NA
"104","2015-08_Ningaloo.deep.sanctuaries_stereoBRUVs","NCB1178","Lethrinidae","Lethrinus","nebulosus","37351008","509.05147","2.82907","8.54311","1661.47387","-22.2996","113.779","20150825","15:10:00","Osprey.Sanctuary","No-take","O2","53.4","Matt Birt","Yes","Yes",NA
"105","2015-08_Ningaloo.deep.sanctuaries_stereoBRUVs","NCB1178","Lethrinidae","Lethrinus","nebulosus","37351008","571.35804","19.75635","7.29308","3614.92439","-22.2996","113.779","20150825","15:10:00","Osprey.Sanctuary","No-take","O2","53.4","Matt Birt","Yes","Yes",NA
"106","2015-08_Ningaloo.deep.sanctuaries_stereoBRUVs","NCB1178","Lethrinidae","Lethrinus","nebulosus","37351008","466.78428","1.69504","5.81530","1372.57349","-22.2996","113.779","20150825","15:10:00","Osprey.Sanctuary","No-take","O2","53.4","Matt Birt","Yes","Yes",NA
"107","2015-08_Ningaloo.deep.sanctuaries_stereoBRUVs","NCB1178","Lethrinidae","Lethrinus","nebulosus","37351008","532.45232","2.50677","6.02224","1440.49824","-22.2996","113.779","20150825","15:10:00","Osprey.Sanctuary","No-take","O2","53.4","Matt Birt","Yes","Yes",NA
"108","2015-08_Ningaloo.deep.sanctuaries_stereoBRUVs","NCB1178","Lethrinidae","Lethrinus","nebulosus","37351008","440.83814","3.09950","4.16156","1684.72639","-22.2996","113.779","20150825","15:10:00","Osprey.Sanctuary","No-take","O2","53.4","Matt Birt","Yes","Yes",NA
"109","2015-08_Ningaloo.deep.sanctuaries_stereoBRUVs","NCB1178","Lethrinidae","Lethrinus","nebulosus","37351008","476.65452","1.99510","11.03214","1452.17533","-22.2996","113.779","20150825","15:10:00","Osprey.Sanctuary","No-take","O2","53.4","Matt Birt","Yes","Yes",NA
"110","2015-08_Ningaloo.deep.sanctuaries_stereoBRUVs","NCB1178","Lethrinidae","Lethrinus","nebulosus","37351008","491.75823","20.31096","19.41169","3341.89661","-22.2996","113.779","20150825","15:10:00","Osprey.Sanctuary","No-take","O2","53.4","Matt Birt","Yes","Yes",NA
"111","2015-08_Ningaloo.deep.sanctuaries_stereoBRUVs","NCB1178","Lethrinidae","Lethrinus","nebulosus","37351008","439.08260","3.76986","12.06572","1862.43187","-22.2996","113.779","20150825","15:10:00","Osprey.Sanctuary","No-take","O2","53.4","Matt Birt","Yes","Yes",NA
"112","2015-08_Ningaloo.deep.sanctuaries_stereoBRUVs","NCB1178","Lethrinidae","Lethrinus","nebulosus","37351008","496.78387","4.08905","11.61642","1913.70203","-22.2996","113.779","20150825","15:10:00","Osprey.Sanctuary","No-take","O2","53.4","Matt Birt","Yes","Yes",NA
"113","2015-08_Ningaloo.deep.sanctuaries_stereoBRUVs","NCB1178","Lethrinidae","Lethrinus","nebulosus","37351008","378.55515","2.12329","6.63920","1387.94254","-22.2996","113.779","20150825","15:10:00","Osprey.Sanctuary","No-take","O2","53.4","Matt Birt","Yes","Yes",NA
"114","2015-08_Ningaloo.deep.sanctuaries_stereoBRUVs","NCB1178","Lethrinidae","Lethrinus","nebulosus","37351008","397.42192","1.41437","3.08197","1255.73286","-22.2996","113.779","20150825","15:10:00","Osprey.Sanctuary","No-take","O2","53.4","Matt Birt","Yes","Yes",NA
"115","2015-08_Ningaloo.deep.sanctuaries_stereoBRUVs","NCB1178","Lethrinidae","Lethrinus","nebulosus","37351008","427.19562","7.05762","13.58564","1851.71055","-22.2996","113.779","20150825","15:10:00","Osprey.Sanctuary","No-take","O2","53.4","Matt Birt","Yes","Yes",NA
"116","2015-08_Ningaloo.deep.sanctuaries_stereoBRUVs","NCB1178","Lethrinidae","Lethrinus","nebulosus","37351008","471.90079","5.90593","14.40181","2143.22877","-22.2996","113.779","20150825","15:10:00","Osprey.Sanctuary","No-take","O2","53.4","Matt Birt","Yes","Yes",NA
"117","2015-08_Ningaloo.deep.sanctuaries_stereoBRUVs","NCB1178","Lethrinidae","Lethrinus","nebulosus","37351008","425.77596","3.14913","6.47997","1408.38456","-22.2996","113.779","20150825","15:10:00","Osprey.Sanctuary","No-take","O2","53.4","Matt Birt","Yes","Yes",NA
"118","2015-08_Ningaloo.deep.sanctuaries_stereoBRUVs","NCB1178","Lethrinidae","Lethrinus","nebulosus","37351008","472.76810","2.27601","8.86108","1419.21083","-22.2996","113.779","20150825","15:10:00","Osprey.Sanctuary","No-take","O2","53.4","Matt Birt","Yes","Yes",NA
"119","2015-08_Ningaloo.deep.sanctuaries_stereoBRUVs","NCB1054","Lethrinidae","Lethrinus","nebulosus","37351008","550.34576","4.20473","5.80183","2156.50045","-22.6243","113.6083","20150820","13:41:00","Cloates.Sanctuary","No-take","C6","45.4","Brigit Vaughan","Yes","Yes",NA
"120","2015-08_Ningaloo.lagoon.sanctuaries_stereoBRUVs","MNCB16","Lethrinidae","Lethrinus","nebulosus","37351008","343.83435","24.62974","15.43992","3986.85765","-22.0533","113.8982","20150819","09:15:00","Between.Mangrove.and.Mandu","Fished","MangroveMandu.1","1.4","Julia Haberstroh","Yes","Yes",NA
"121","2015-08_Ningaloo.lagoon.sanctuaries_stereoBRUVs","MNCB16","Lethrinidae","Lethrinus","nebulosus","37351008","286.79313","3.03761","4.54513","1990.92807","-22.0533","113.8982","20150819","09:15:00","Between.Mangrove.and.Mandu","Fished","MangroveMandu.1","1.4","Julia Haberstroh","Yes","Yes",NA
"122","2015-08_Ningaloo.lagoon.sanctuaries_stereoBRUVs","MNCB47","Lethrinidae","Lethrinus","nebulosus","37351008","365.85442","2.98424","2.47981","2066.68945","-22.5481","113.6626","20150820","13:18:00","Between.Winderabandi.and.Cloates","Fished","WinderabandiCloates.1","2.4","Julia Haberstroh","Yes","Yes",NA
"123","2015-08_Ningaloo.lagoon.sanctuaries_stereoBRUVs","MNCB149","Lethrinidae","Lethrinus","nebulosus","37351008","427.19489","20.77755","3.52295","3586.41416","-22.2985","113.807","20150825","15:12:00","Osprey.Sanctuary","No-take","OspreySZ.4","6","Julia Haberstroh","Yes","Yes",NA
"124","2015-08_Ningaloo.lagoon.sanctuaries_stereoBRUVs","MNCB51","Lethrinidae","Lethrinus","nebulosus","37351008","362.34284","4.67483","5.71854","3293.51598","-22.5579","113.6583","20150820","13:45:00","Between.Winderabandi.and.Cloates","Fished","WinderabandiCloates.1","1","Julia Haberstroh","Yes","Yes",NA
"125","2015-08_Ningaloo.lagoon.sanctuaries_stereoBRUVs","MNCB60","Lethrinidae","Lethrinus","nebulosus","37351008","339.93489","5.92062","2.29976","3746.36482","-22.7103","113.6571","20150821","09:17:00","Cloates.Sanctuary","No-take","CloatesSZ.2","0.7","Julia Haberstroh","Yes","Yes",NA
"126","2015-08_Ningaloo.lagoon.sanctuaries_stereoBRUVs","MNCB140","Lethrinidae","Lethrinus","nebulosus","37351008","439.81563","13.00410","4.23608","3796.39724","-22.2518","113.8295","20150825","11:47:00","Osprey.Sanctuary","No-take","OspreySZ.2","3","Julia Haberstroh","Yes","Yes",NA
"127","2015-08_Ningaloo.lagoon.sanctuaries_stereoBRUVs","MNCB140","Lethrinidae","Lethrinus","nebulosus","37351008","429.08631","4.91000","1.17695","1940.26624","-22.2518","113.8295","20150825","11:47:00","Osprey.Sanctuary","No-take","OspreySZ.2","3","Julia Haberstroh","Yes","Yes",NA
"128","2015-08_Ningaloo.lagoon.sanctuaries_stereoBRUVs","MNCB140","Lethrinidae","Lethrinus","nebulosus","37351008","430.89686","1.45586","1.30313","1011.92550","-22.2518","113.8295","20150825","11:47:00","Osprey.Sanctuary","No-take","OspreySZ.2","3","Julia Haberstroh","Yes","Yes",NA
"129","2015-08_Ningaloo.lagoon.sanctuaries_stereoBRUVs","MNCB67","Lethrinidae","Lethrinus","nebulosus","37351008","360.62158","8.15113","7.59552","2837.23514","-22.8682","113.7647","20150821","12:28:00","Cloates.Sanctuary","No-take","CloatesSZ.3","2.9","Julia Haberstroh","Yes","Yes",NA
"130","2015-08_Ningaloo.lagoon.sanctuaries_stereoBRUVs","MNCB67","Lethrinidae","Lethrinus","nebulosus","37351008","411.45632","15.25835","6.15780","2825.61791","-22.8682","113.7647","20150821","12:28:00","Cloates.Sanctuary","No-take","CloatesSZ.3","2.9","Julia Haberstroh","Yes","Yes",NA
"131","2015-08_Ningaloo.lagoon.sanctuaries_stereoBRUVs","MNCB67","Lethrinidae","Lethrinus","nebulosus","37351008","379.54195","5.31134","4.38564","2340.36610","-22.8682","113.7647","20150821","12:28:00","Cloates.Sanctuary","No-take","CloatesSZ.3","2.9","Julia Haberstroh","Yes","Yes",NA
"132","2015-08_Ningaloo.lagoon.sanctuaries_stereoBRUVs","MNCB67","Lethrinidae","Lethrinus","nebulosus","37351008","385.92567","3.13196","5.86346","2006.74415","-22.8682","113.7647","20150821","12:28:00","Cloates.Sanctuary","No-take","CloatesSZ.3","2.9","Julia Haberstroh","Yes","Yes",NA
"133","2015-08_Ningaloo.lagoon.sanctuaries_stereoBRUVs","MNCB7","Lethrinidae","Lethrinus","nebulosus","37351008","354.23118","24.97383","1.10254","3870.23271","-21.9505","113.9205","20150818","14:30:00","Mangrove.Sanctuary","No-take","MangroveSZ.1","1.1","Julia Haberstroh","Yes","Yes",NA
"134","2015-08_Ningaloo.lagoon.sanctuaries_stereoBRUVs","MNCB13","Lethrinidae","Lethrinus","nebulosus","37351008","321.70521","23.45456","1.67853","3876.05539","-22.0489","113.899","20150819","08:42:00","Between.Mangrove.and.Mandu","Fished","MangroveMandu.1","1.5","Julia Haberstroh","Yes","Yes",NA
"135","2015-08_Ningaloo.lagoon.sanctuaries_stereoBRUVs","MNCB92","Lethrinidae","Lethrinus","nebulosus","37351008","439.61853","24.39693","3.48435","5253.14365","-23.3277","113.7791","20150822","13:35:00","Pelican.Sanctuary","No-take","PelicanSZ.1","2","Julia Haberstroh","Yes","Yes",NA
"136","2015-08_Ningaloo.lagoon.sanctuaries_stereoBRUVs","MNCB92","Lethrinidae","Lethrinus","nebulosus","37351008","432.59371","26.51501","3.53722","5235.78346","-23.3277","113.7791","20150822","13:35:00","Pelican.Sanctuary","No-take","PelicanSZ.1","2","Julia Haberstroh","Yes","Yes",NA
"137","2015-08_Ningaloo.lagoon.sanctuaries_stereoBRUVs","MNCB92","Lethrinidae","Lethrinus","nebulosus","37351008","301.49796","15.19440","4.40853","3105.12387","-23.3277","113.7791","20150822","13:35:00","Pelican.Sanctuary","No-take","PelicanSZ.1","2","Julia Haberstroh","Yes","Yes",NA
"138","2015-08_Ningaloo.lagoon.sanctuaries_stereoBRUVs","MNCB92","Lethrinidae","Lethrinus","nebulosus","37351008","499.70675","5.19591","7.48485","2854.34282","-23.3277","113.7791","20150822","13:35:00","Pelican.Sanctuary","No-take","PelicanSZ.1","2","Julia Haberstroh","Yes","Yes",NA
"139","2015-08_Ningaloo.lagoon.sanctuaries_stereoBRUVs","MNCB80","Lethrinidae","Lethrinus","nebulosus","37351008","195.15853","11.79905","3.54591","2729.92437","-23.2357","113.765","20150822","09:02:00","Between.Maud.and.Pelican","Fished","MaudPelican.1","1.8","Julia Haberstroh","Yes","Yes",NA
"140","2015-08_Ningaloo.lagoon.sanctuaries_stereoBRUVs","MNCB69","Lethrinidae","Lethrinus","nebulosus","37351008","388.36592","1.73921","1.08118","1301.32403","-22.873","113.7653","20150821","12:45:00","Cloates.Sanctuary","No-take","CloatesSZ.3","3.2","Julia Haberstroh","Yes","Yes",NA
"141","2015-08_Ningaloo.lagoon.sanctuaries_stereoBRUVs","MNCB69","Lethrinidae","Lethrinus","nebulosus","37351008","384.71278","4.07609","0.56997","1920.29701","-22.873","113.7653","20150821","12:45:00","Cloates.Sanctuary","No-take","CloatesSZ.3","3.2","Julia Haberstroh","Yes","Yes",NA
"142","2015-08_Ningaloo.lagoon.sanctuaries_stereoBRUVs","MNCB69","Lethrinidae","Lethrinus","nebulosus","37351008","414.27071","1.43228","0.94761","1281.01356","-22.873","113.7653","20150821","12:45:00","Cloates.Sanctuary","No-take","CloatesSZ.3","3.2","Julia Haberstroh","Yes","Yes",NA
"143","2015-08_Ningaloo.lagoon.sanctuaries_stereoBRUVs","MNCB69","Lethrinidae","Lethrinus","nebulosus","37351008","241.40674","0.74033","1.16117","1016.91173","-22.873","113.7653","20150821","12:45:00","Cloates.Sanctuary","No-take","CloatesSZ.3","3.2","Julia Haberstroh","Yes","Yes",NA
"144","2015-08_Ningaloo.lagoon.sanctuaries_stereoBRUVs","MNCB63","Lethrinidae","Lethrinus","nebulosus","37351008","159.09869","2.26512","7.87555","1994.36684","-22.7161","113.6602","20150821","09:39:00","Cloates.Sanctuary","No-take","CloatesSZ.2","1.1","Julia Haberstroh","Yes","Yes",NA
"145","2015-08_Ningaloo.lagoon.sanctuaries_stereoBRUVs","MNCB78","Lethrinidae","Lethrinus","nebulosus","37351008","193.93823","2.64177","4.99429","1959.78501","-23.232","113.7619","20150822","08:44:00","Between.Maud.and.Pelican","Fished","MaudPelican.1","2.6","Julia Haberstroh","Yes","Yes",NA
"146","2015-08_Ningaloo.lagoon.sanctuaries_stereoBRUVs","MNCB42","Lethrinidae","Lethrinus","nebulosus","37351008","594.42899","35.00773","0.86573","5468.42150","-22.4857","113.7065","20150820","11:15:00","Winderabandi.Sanctuary","No-take","WinderabandiSZ.1","1.4","Julia Haberstroh","Yes","Yes",NA
"147","2015-08_Ningaloo.lagoon.sanctuaries_stereoBRUVs","MNCB71","Lethrinidae","Lethrinus","nebulosus","37351008","223.23322","10.36735","2.48799","2660.37850","-22.874","113.7692","20150821","12:57:00","Cloates.Sanctuary","No-take","CloatesSZ.3","3.2","Julia Haberstroh","Yes","Yes",NA
"148","2015-08_Ningaloo.lagoon.sanctuaries_stereoBRUVs","MNCB71","Lethrinidae","Lethrinus","nebulosus","37351008","267.83117","10.69672","2.47315","2721.45894","-22.874","113.7692","20150821","12:57:00","Cloates.Sanctuary","No-take","CloatesSZ.3","3.2","Julia Haberstroh","Yes","Yes",NA
"149","2015-08_Ningaloo.lagoon.sanctuaries_stereoBRUVs","MNCB14","Lethrinidae","Lethrinus","nebulosus","37351008","255.96050","16.18452","1.36769","3058.12618","-22.0514","113.8974","20150819","08:51:00","Between.Mangrove.and.Mandu","Fished","MangroveMandu.1","1.1","Julia Haberstroh","Yes","Yes",NA
"150","2015-08_Ningaloo.lagoon.sanctuaries_stereoBRUVs","MNCB90","Lethrinidae","Lethrinus","nebulosus","37351008","427.36150","23.24373","3.48173","3584.49266","-23.3219","113.7817","20150822","13:20:00","Pelican.Sanctuary","No-take","PelicanSZ.1","2.2","Julia Haberstroh","Yes","Yes",NA
"151","2015-08_Ningaloo.lagoon.sanctuaries_stereoBRUVs","MNCB70","Lethrinidae","Lethrinus","nebulosus","37351008","510.55212","11.68811","2.92916","3606.93717","-22.8753","113.7668","20150821","12:50:00","Cloates.Sanctuary","No-take","CloatesSZ.3","2.7","Julia Haberstroh","Yes","Yes",NA
"152","2015-08_Ningaloo.lagoon.sanctuaries_stereoBRUVs","MNCB54","Lethrinidae","Lethrinus","nebulosus","37351008","565.75268","17.75301","3.05651","5038.38326","-22.6348","113.6312","20150820","15:53:00","Cloates.Sanctuary","No-take","CloatesSZ.1","3","Julia Haberstroh","Yes","Yes",NA
"153","2015-08_Ningaloo.lagoon.sanctuaries_stereoBRUVs","MNCB37","Lethrinidae","Lethrinus","nebulosus","37351008","352.59399","22.30989","2.31289","4286.55365","-22.3644","113.7601","20150820","09:06:00","Between.Osprey.and.Winderabandi","Fished","OspreyWinderabandi.1","1.2","Julia Haberstroh","Yes","Yes",NA
"154","2015-08_Ningaloo.lagoon.sanctuaries_stereoBRUVs","MNCB17","Lethrinidae","Lethrinus","nebulosus","37351008","232.21104","9.55636","2.34126","3780.95340","-22.0552","113.8988","20150819","09:22:00","Between.Mangrove.and.Mandu","Fished","MangroveMandu.1","1.5","Julia Haberstroh","Yes","Yes",NA
"155","2015-08_Ningaloo.lagoon.sanctuaries_stereoBRUVs","MNCB17","Lethrinidae","Lethrinus","nebulosus","37351008","266.16406","18.29921","1.81214","3768.21311","-22.0552","113.8988","20150819","09:22:00","Between.Mangrove.and.Mandu","Fished","MangroveMandu.1","1.5","Julia Haberstroh","Yes","Yes",NA
"156","2015-08_Ningaloo.lagoon.sanctuaries_stereoBRUVs","MNCB148","Lethrinidae","Lethrinus","nebulosus","37351008","337.62100","1.12754","0.79347","1475.69521","-22.2921","113.8089","20150825","15:07:00","Osprey.Sanctuary","No-take","OspreySZ.4","3.5","Julia Haberstroh","Yes","Yes",NA
"157","2015-08_Ningaloo.lagoon.sanctuaries_stereoBRUVs","MNCB73","Lethrinidae","Lethrinus","nebulosus","37351008","266.77023","9.45268","2.15229","2329.10552","-22.9248","113.7752","20150821","14:31:00","Between.Cloates.and.Maud","Fished","CloatesMaud.1","1.9","Julia Haberstroh","Yes","Yes",NA
"158","2015-08_Ningaloo.lagoon.sanctuaries_stereoBRUVs","MNCB68","Lethrinidae","Lethrinus","nebulosus","37351008","473.72465","4.93393","1.30486","2303.60210","-22.8713","113.7652","20150821","12:35:00","Cloates.Sanctuary","No-take","CloatesSZ.3","2.4","Julia Haberstroh","Yes","Yes",NA
"159","2015-08_Ningaloo.lagoon.sanctuaries_stereoBRUVs","MNCB88","Lethrinidae","Lethrinus","nebulosus","37351008","333.97713","15.45254","1.37585","3698.95154","-23.3186","113.7786","20150822","13:05:00","Pelican.Sanctuary","No-take","PelicanSZ.1","2.3","Julia Haberstroh","Yes","Yes",NA
"160","2015-08_Ningaloo.lagoon.sanctuaries_stereoBRUVs","MNCB23","Lethrinidae","Lethrinus","nebulosus","37351008","158.29342","3.08645","3.41591","1457.32986","-22.0796","113.8933","20150819","11:17:00","Mandu.Sanctuary","No-take","ManduSZ.1","1.2","Julia Haberstroh","Yes","Yes",NA
"161","2015-08_Ningaloo.lagoon.sanctuaries_stereoBRUVs","MNCB23","Lethrinidae","Lethrinus","nebulosus","37351008","142.61998","2.94115","3.17958","1400.72698","-22.0796","113.8933","20150819","11:17:00","Mandu.Sanctuary","No-take","ManduSZ.1","1.2","Julia Haberstroh","Yes","Yes",NA
"162","2015-08_Ningaloo.lagoon.sanctuaries_stereoBRUVs","MNCB23","Lethrinidae","Lethrinus","nebulosus","37351008","151.58696","1.17154","1.69731","999.65388","-22.0796","113.8933","20150819","11:17:00","Mandu.Sanctuary","No-take","ManduSZ.1","1.2","Julia Haberstroh","Yes","Yes",NA
"163","2015-08_Ningaloo.lagoon.sanctuaries_stereoBRUVs","MNCB34","Lethrinidae","Lethrinus","nebulosus","37351008","406.37898","1.81375","1.94522","1567.55208","-22.2406","113.8305","20150819","16:09:00","Osprey.Sanctuary","No-take","OspreySZ.1","3.6","Julia Haberstroh","Yes","Yes",NA
"164","2015-08_Ningaloo.lagoon.sanctuaries_stereoBRUVs","MNCB34","Lethrinidae","Lethrinus","nebulosus","37351008","456.59942","1.67749","1.25119","1553.96426","-22.2406","113.8305","20150819","16:09:00","Osprey.Sanctuary","No-take","OspreySZ.1","3.6","Julia Haberstroh","Yes","Yes",NA
"165","2015-08_Ningaloo.lagoon.sanctuaries_stereoBRUVs","MNCB34","Lethrinidae","Lethrinus","nebulosus","37351008","532.89665","9.04851","3.18464","3446.15211","-22.2406","113.8305","20150819","16:09:00","Osprey.Sanctuary","No-take","OspreySZ.1","3.6","Julia Haberstroh","Yes","Yes",NA
"166","2015-08_Ningaloo.lagoon.sanctuaries_stereoBRUVs","MNCB46","Lethrinidae","Lethrinus","nebulosus","37351008","267.67258","4.42858","2.90401","2911.49397","-22.4792","113.7082","20150820","11:41:00","Winderabandi.Sanctuary","No-take","WinderabandiSZ.1","1.5","Julia Haberstroh","Yes","Yes",NA
"167","2015-08_Ningaloo.lagoon.sanctuaries_stereoBRUVs","MNCB28","Lethrinidae","Lethrinus","nebulosus","37351008","239.87048","6.72315","16.94464","2854.22783","-22.2054","113.8444","20150819","14:12:00","Between.Mandu.and.Osprey","Fished","ManduOsprey.1","1.2","Julia Haberstroh","Yes","Yes",NA
"168","2015-08_Ningaloo.lagoon.sanctuaries_stereoBRUVs","MNCB40","Lethrinidae","Lethrinus","nebulosus","37351008","259.32980","6.42165","8.33709","3157.23529","-22.3711","113.7552","20150820","09:30:00","Between.Osprey.and.Winderabandi","Fished","OspreyWinderabandi.1","1.4","Julia Haberstroh","Yes","Yes",NA
"169","2015-08_Ningaloo.lagoon.sanctuaries_stereoBRUVs","MNCB25","Lethrinidae","Lethrinus","nebulosus","37351008","272.25618","13.50670","0.43418","3505.57495","-22.2006","113.849","20150819","13:53:00","Between.Mandu.and.Osprey","Fished","ManduOsprey.1","1.6","Julia Haberstroh","Yes","Yes",NA
"170","2015-08_Ningaloo.lagoon.sanctuaries_stereoBRUVs","MNCB21","Lethrinidae","Lethrinus","nebulosus","37351008","473.43979","14.82456","2.23670","3358.79125","-22.0803","113.8905","20150819","11:06:00","Mandu.Sanctuary","No-take","ManduSZ.1","1.1","Julia Haberstroh","Yes","Yes",NA
"171","2015-08_Ningaloo.lagoon.sanctuaries_stereoBRUVs","MNCB21","Lethrinidae","Lethrinus","nebulosus","37351008","539.81651","7.01467","7.81277","2858.96761","-22.0803","113.8905","20150819","11:06:00","Mandu.Sanctuary","No-take","ManduSZ.1","1.1","Julia Haberstroh","Yes","Yes",NA
"172","2015-08_Ningaloo.lagoon.sanctuaries_stereoBRUVs","MNCB18","Lethrinidae","Lethrinus","nebulosus","37351008","637.08652","4.64021","3.57788","3365.25095","-22.0575","113.8982","20150819","09:30:00","Between.Mangrove.and.Mandu","Fished","MangroveMandu.1","1.6","Julia Haberstroh","Yes","Yes",NA
"173","2015-08_Ningaloo.lagoon.sanctuaries_stereoBRUVs","MNCB33","Lethrinidae","Lethrinus","nebulosus","37351008","555.73801","7.71163","6.80706","3586.56854","-22.2402","113.8328","20150819","16:02:00","Osprey.Sanctuary","No-take","OspreySZ.1","2.9","Julia Haberstroh","Yes","Yes",NA
"174","2015-08_Ningaloo.lagoon.sanctuaries_stereoBRUVs","MNCB33","Lethrinidae","Lethrinus","nebulosus","37351008","546.73655","10.33810","3.15801","3553.10454","-22.2402","113.8328","20150819","16:02:00","Osprey.Sanctuary","No-take","OspreySZ.1","2.9","Julia Haberstroh","Yes","Yes",NA
"175","2015-08_Ningaloo.lagoon.sanctuaries_stereoBRUVs","MNCB12","Lethrinidae","Lethrinus","nebulosus","37351008","226.96497","1.76081","1.83031","1433.03884","-21.9573","113.9223","20150818","15:08:00","Mangrove.Sanctuary","No-take","MangroveSZ.1","1.1","Julia Haberstroh","Yes","Yes",NA
"176","2015-08_Ningaloo.lagoon.sanctuaries_stereoBRUVs","MNCB12","Lethrinidae","Lethrinus","nebulosus","37351008","243.49990","1.48564","2.48789","1380.39787","-21.9573","113.9223","20150818","15:08:00","Mangrove.Sanctuary","No-take","MangroveSZ.1","1.1","Julia Haberstroh","Yes","Yes",NA
"177","2015-08_Ningaloo.lagoon.sanctuaries_stereoBRUVs","MNCB12","Lethrinidae","Lethrinus","nebulosus","37351008","261.96847","1.42521","1.50461","1283.92792","-21.9573","113.9223","20150818","15:08:00","Mangrove.Sanctuary","No-take","MangroveSZ.1","1.1","Julia Haberstroh","Yes","Yes",NA
"178","2015-08_Ningaloo.lagoon.sanctuaries_stereoBRUVs","MNCB12","Lethrinidae","Lethrinus","nebulosus","37351008","226.55163","1.72548","0.69279","1121.17844","-21.9573","113.9223","20150818","15:08:00","Mangrove.Sanctuary","No-take","MangroveSZ.1","1.1","Julia Haberstroh","Yes","Yes",NA
"179","2015-08_Ningaloo.lagoon.sanctuaries_stereoBRUVs","MNCB30","Lethrinidae","Lethrinus","nebulosus","37351008","241.87286","2.05069","1.04241","1871.24705","-22.2331","113.8346","20150819","15:44:00","Osprey.Sanctuary","No-take","OspreySZ.1","2.7","Julia Haberstroh","Yes","Yes",NA
"180","2015-08_Ningaloo.lagoon.sanctuaries_stereoBRUVs","MNCB31","Lethrinidae","Lethrinus","nebulosus","37351008","277.54390","4.07853","3.71075","2568.34639","-22.2359","113.8341","20150819","15:49:00","Osprey.Sanctuary","No-take","OspreySZ.1","6","Julia Haberstroh","Yes","Yes",NA
"181","2015-08_Ningaloo.lagoon.sanctuaries_stereoBRUVs","MNCB31","Lethrinidae","Lethrinus","nebulosus","37351008","393.36101","8.93260","1.34405","2243.78365","-22.2359","113.8341","20150819","15:49:00","Osprey.Sanctuary","No-take","OspreySZ.1","6","Julia Haberstroh","Yes","Yes",NA
"182","2015-08_Ningaloo.lagoon.sanctuaries_stereoBRUVs","MNCB64","Lethrinidae","Lethrinus","nebulosus","37351008","595.34866","3.79532","9.55512","2573.65308","-22.7074","113.6552","20150821","09:56:00","Cloates.Sanctuary","No-take","CloatesSZ.2","1.1","Julia Haberstroh","Yes","Yes",NA
"183","2015-08_Ningaloo.shallow.sanctuaries_stereoBRUVs","NCB1107","Lethrinidae","Lethrinus","nebulosus","37351008","502.81799","5.63860","0.86682","2739.15161","-23.3121","113.773","20150822","13:35:00","Pelican.Sanctuary","No-take","P8","11.3","Matt Birt","Yes","Yes",NA
"184","2015-08_Ningaloo.shallow.sanctuaries_stereoBRUVs","NCB1093","Lethrinidae","Lethrinus","nebulosus","37351008","439.18666","2.30347","1.56036","1308.57021","-23.091","113.7301","20150822","8:23:00","Maud.Sanctuary","No-take","M2","7.8","Brigit Vaughan","Yes","Yes",NA
"185","2015-08_Ningaloo.shallow.sanctuaries_stereoBRUVs","NCB1093","Lethrinidae","Lethrinus","nebulosus","37351008","659.29518","68.17146","13.22610","6563.60009","-23.091","113.7301","20150822","8:23:00","Maud.Sanctuary","No-take","M2","7.8","Brigit Vaughan","Yes","Yes",NA
"186","2015-08_Ningaloo.shallow.sanctuaries_stereoBRUVs","NCB1093","Lethrinidae","Lethrinus","nebulosus","37351008","702.01261","16.43383","7.90688","3208.50360","-23.091","113.7301","20150822","8:23:00","Maud.Sanctuary","No-take","M2","7.8","Brigit Vaughan","Yes","Yes",NA
"187","2015-08_Ningaloo.shallow.sanctuaries_stereoBRUVs","NCB1103","Lethrinidae","Lethrinus","nebulosus","37351008","458.66144","18.69047","3.28567","4508.61151","-23.2115","113.7539","20150822","11:02:00","Between.Maud.and.Pelican","Fished","PN7","9.2","Matt Birt","Yes","Yes",NA
"188","2015-08_Ningaloo.shallow.sanctuaries_stereoBRUVs","NCB1103","Lethrinidae","Lethrinus","nebulosus","37351008","434.88069","34.56732","9.06063","5305.84655","-23.2115","113.7539","20150822","11:02:00","Between.Maud.and.Pelican","Fished","PN7","9.2","Matt Birt","Yes","Yes",NA
"189","2015-08_Ningaloo.shallow.sanctuaries_stereoBRUVs","NCB1103","Lethrinidae","Lethrinus","nebulosus","37351008","331.69654","12.17444","5.50274","5031.79754","-23.2115","113.7539","20150822","11:02:00","Between.Maud.and.Pelican","Fished","PN7","9.2","Matt Birt","Yes","Yes",NA
"190","2015-08_Ningaloo.shallow.sanctuaries_stereoBRUVs","NCB1114","Lethrinidae","Lethrinus","nebulosus","37351008","448.37176","6.61056","4.68211","3165.28652","-23.4082","113.7711","20150822","14:20:00","Pelican.Sanctuary","No-take","P5","11","Brigit Vaughan","Yes","Yes",NA
"191","2015-08_Ningaloo.shallow.sanctuaries_stereoBRUVs","NCB1114","Lethrinidae","Lethrinus","nebulosus","37351008","401.95296","3.46475","5.66696","2436.34120","-23.4082","113.7711","20150822","14:20:00","Pelican.Sanctuary","No-take","P5","11","Brigit Vaughan","Yes","Yes",NA
"192","2015-08_Ningaloo.shallow.sanctuaries_stereoBRUVs","NCB1095","Lethrinidae","Lethrinus","nebulosus","37351008","402.61174","11.52253","2.23962","3063.32484","-23.1003","113.7328","20150822","8:29:00","Maud.Sanctuary","No-take","M2","10","Izzy Lindgren","Yes","Yes",NA
"193","2015-08_Ningaloo.shallow.sanctuaries_stereoBRUVs","NCB1095","Lethrinidae","Lethrinus","nebulosus","37351008","423.38969","10.06846","14.34975","5103.47574","-23.1003","113.7328","20150822","8:29:00","Maud.Sanctuary","No-take","M2","10","Izzy Lindgren","Yes","Yes",NA
"194","2015-08_Ningaloo.shallow.sanctuaries_stereoBRUVs","NCB1064","Lethrinidae","Lethrinus","nebulosus","37351008","521.59942","1.08181","3.48054","1681.66667","-22.6773","113.6287","20150821","8:57:00","Cloates.Sanctuary","No-take","C12","10.1","Katrina Bornt","Yes","Yes",NA
"195","2015-08_Ningaloo.shallow.sanctuaries_stereoBRUVs","NCB1064","Lethrinidae","Lethrinus","nebulosus","37351008","561.75741","1.95039","2.44169","1711.43159","-22.6773","113.6287","20150821","8:57:00","Cloates.Sanctuary","No-take","C12","10.1","Katrina Bornt","Yes","Yes",NA
"196","2015-08_Ningaloo.shallow.sanctuaries_stereoBRUVs","NCB1064","Lethrinidae","Lethrinus","nebulosus","37351008","505.83799","4.90750","0.63150","3236.88730","-22.6773","113.6287","20150821","8:57:00","Cloates.Sanctuary","No-take","C12","10.1","Katrina Bornt","Yes","Yes",NA
"197","2015-08_Ningaloo.shallow.sanctuaries_stereoBRUVs","NCB1099","Lethrinidae","Lethrinus","nebulosus","37351008","491.84252","3.95836","5.76826","2011.12757","-23.1452","113.7454","20150822","10:22:00","Maud.Sanctuary","Fished","PN8","8.7","Izzy Lindgren","Yes","Yes",NA
"198","2015-08_Ningaloo.shallow.sanctuaries_stereoBRUVs","NCB1099","Lethrinidae","Lethrinus","nebulosus","37351008","317.03876","9.53473","2.17879","3063.51290","-23.1452","113.7454","20150822","10:22:00","Maud.Sanctuary","Fished","PN8","8.7","Izzy Lindgren","Yes","Yes",NA
"199","2015-08_Ningaloo.shallow.sanctuaries_stereoBRUVs","NCB1099","Lethrinidae","Lethrinus","nebulosus","37351008","392.46136","16.56758","10.52269","3991.32830","-23.1452","113.7454","20150822","10:22:00","Maud.Sanctuary","Fished","PN8","8.7","Izzy Lindgren","Yes","Yes",NA
"200","2015-08_Ningaloo.shallow.sanctuaries_stereoBRUVs","NCB1099","Lethrinidae","Lethrinus","nebulosus","37351008","585.25818","17.88954","11.39100","5807.17587","-23.1452","113.7454","20150822","10:22:00","Maud.Sanctuary","Fished","PN8","8.7","Izzy Lindgren","Yes","Yes",NA
"201","2015-08_Ningaloo.shallow.sanctuaries_stereoBRUVs","NCB1099","Lethrinidae","Lethrinus","nebulosus","37351008","347.43243","7.09447","3.30181","2302.11194","-23.1452","113.7454","20150822","10:22:00","Maud.Sanctuary","Fished","PN8","8.7","Izzy Lindgren","Yes","Yes",NA
"202","2015-08_Ningaloo.shallow.sanctuaries_stereoBRUVs","NCB1108","Lethrinidae","Lethrinus","nebulosus","37351008","482.94360","11.02215","1.41331","3436.53298","-23.3267","113.7713","20150822","13:41:00","Pelican.Sanctuary","No-take","P8","10.4","Brigit Vaughan","Yes","Yes",NA
"203","2015-08_Ningaloo.shallow.sanctuaries_stereoBRUVs","NCB1065","Lethrinidae","Lethrinus","nebulosus","37351008","493.58723","9.81482","2.08872","3641.76806","-22.6943","113.6358","20150821","9:04:00","Cloates.Sanctuary","No-take","C12","10.5","Katrina Bornt","Yes","Yes",NA
"204","2015-08_Ningaloo.shallow.sanctuaries_stereoBRUVs","NCB1062","Lethrinidae","Lethrinus","nebulosus","37351008","399.38989","6.83740","5.30986","3592.03839","-22.6408","113.6159","20150821","8:42:00","Cloates.Sanctuary","No-take","C13","9.1","Brigit Vaughan","Yes","Yes",NA
"205","2015-08_Ningaloo.shallow.sanctuaries_stereoBRUVs","NCB1062","Lethrinidae","Lethrinus","nebulosus","37351008","427.14558","30.64886","7.45511","5250.92106","-22.6408","113.6159","20150821","8:42:00","Cloates.Sanctuary","No-take","C13","9.1","Brigit Vaughan","Yes","Yes",NA
"206","2015-08_Ningaloo.shallow.sanctuaries_stereoBRUVs","NCB1063","Lethrinidae","Lethrinus","nebulosus","37351008","483.65047","1.82598","1.15354","1502.30433","-22.6598","113.6192","20150821","8:49:00","Cloates.Sanctuary","No-take","C12","7.9","Katrina Bornt","Yes","Yes",NA
"207","2015-08_Ningaloo.shallow.sanctuaries_stereoBRUVs","NCB1119","Lethrinidae","Lethrinus","nebulosus","37351008","522.58213","8.74086","9.75351","3725.88170","-23.4853","113.7616","20150823","8:59:00","South.Pelican","Fished","PS3","9.3","Izzy Lindgren","Yes","Yes",NA
"208","2015-08_Ningaloo.shallow.sanctuaries_stereoBRUVs","NCB1120","Lethrinidae","Lethrinus","nebulosus","37351008","596.38204","25.86481","7.68092","4740.73166","-23.5042","113.7558","20150823","9:06:00","South.Pelican","Fished","PS3","10.5","Izzy Lindgren","Yes","Yes",NA
"209","2015-08_Ningaloo.shallow.sanctuaries_stereoBRUVs","NCB1120","Lethrinidae","Lethrinus","nebulosus","37351008","574.52344","13.37981","15.78202","3257.42907","-23.5042","113.7558","20150823","9:06:00","South.Pelican","Fished","PS3","10.5","Izzy Lindgren","Yes","Yes",NA
"210","2015-08_Ningaloo.shallow.sanctuaries_stereoBRUVs","NCB1080","Lethrinidae","Lethrinus","nebulosus","37351008","508.11194","22.79083","2.57525","5829.12190","-22.9496","113.7687","20150821","14:22:00","Between.Cloats.and.Maud","Fished","PN13","10.6","Nicole Ryan","Yes","Yes",NA
"211","2015-08_Ningaloo.shallow.sanctuaries_stereoBRUVs","NCB1076","Lethrinidae","Lethrinus","nebulosus","37351008","578.59524","1.60908","0.96732","1472.06051","-22.874","113.7488","20150821","12:06:00","Cloates.Sanctuary","No-take","C8","10.4","Todd Bond","Yes","Yes",NA
"212","2015-08_Ningaloo.shallow.sanctuaries_stereoBRUVs","NCB1012","Lethrinidae","Lethrinus","nebulosus","37351008","590.70997","4.07730","5.59395","2188.08166","-22.1041","113.8731","20150818","15:50:00","Mandu.Sanctuary","No-take","MA7","9.8","Nicole Ryan","Yes","Yes",NA
"213","2015-08_Ningaloo.shallow.sanctuaries_stereoBRUVs","NCB1012","Lethrinidae","Lethrinus","nebulosus","37351008","522.79987","5.37757","5.26917","2628.12709","-22.1041","113.8731","20150818","15:50:00","Mandu.Sanctuary","No-take","MA7","9.8","Nicole Ryan","Yes","Yes",NA
"214","2015-08_Ningaloo.shallow.sanctuaries_stereoBRUVs","NCB1104","Lethrinidae","Lethrinus","nebulosus","37351008","404.38917","6.08191","3.25203","3497.77305","-23.2267","113.7573","20150822","11:11:00","Between.Maud.and.Pelican","Fished","PN6","9.7","Matt Birt","Yes","Yes",NA
"215","2015-08_Ningaloo.shallow.sanctuaries_stereoBRUVs","NCB1104","Lethrinidae","Lethrinus","nebulosus","37351008","299.61511","1.30057","4.45122","1663.47144","-23.2267","113.7573","20150822","11:11:00","Between.Maud.and.Pelican","Fished","PN6","9.7","Matt Birt","Yes","Yes",NA
"216","2015-08_Ningaloo.shallow.sanctuaries_stereoBRUVs","NCB1113","Lethrinidae","Lethrinus","nebulosus","37351008","416.65444","13.09780","3.51828","4120.58524","-23.3965","113.7663","20150822","14:15:00","Pelican.Sanctuary","No-take","P6","8.9","Matt Birt","Yes","Yes",NA
"217","2015-08_Ningaloo.shallow.sanctuaries_stereoBRUVs","NCB1113","Lethrinidae","Lethrinus","nebulosus","37351008","387.73749","5.93364","1.71963","2738.39787","-23.3965","113.7663","20150822","14:15:00","Pelican.Sanctuary","No-take","P6","8.9","Matt Birt","Yes","Yes",NA
"218","2015-08_Ningaloo.shallow.sanctuaries_stereoBRUVs","NCB1113","Lethrinidae","Lethrinus","nebulosus","37351008","403.18689","1.23413","3.25956","1531.77610","-23.3965","113.7663","20150822","14:15:00","Pelican.Sanctuary","No-take","P6","8.9","Matt Birt","Yes","Yes",NA
"219","2015-08_Ningaloo.shallow.sanctuaries_stereoBRUVs","NCB1100","Lethrinidae","Lethrinus","nebulosus","37351008","443.82305","5.21326","15.12077","4431.30544","-23.1645","113.7464","20150822","10:34:00","Maud.Sanctuary","Fished","PN8","11.6","Matt Birt","Yes","Yes",NA
"220","2015-08_Ningaloo.shallow.sanctuaries_stereoBRUVs","NCB1100","Lethrinidae","Lethrinus","nebulosus","37351008","343.93514","32.28739","11.41332","6320.58245","-23.1645","113.7464","20150822","10:34:00","Maud.Sanctuary","Fished","PN8","11.6","Matt Birt","Yes","Yes",NA
"221","2015-08_Ningaloo.shallow.sanctuaries_stereoBRUVs","NCB1100","Lethrinidae","Lethrinus","nebulosus","37351008","270.52337","15.00214","5.66922","4586.79817","-23.1645","113.7464","20150822","10:34:00","Maud.Sanctuary","Fished","PN8","11.6","Matt Birt","Yes","Yes",NA
"222","2015-08_Ningaloo.shallow.sanctuaries_stereoBRUVs","MNCB153","Lethrinidae","Lethrinus","nebulosus","37351008","594.50879","27.91960","5.05047","5710.41240","-22.2861","113.8029","20150826","8:01:00","Osprey.Sanctuary","No-take","O8","10","Katrina Bornt","Yes","Yes",NA
"223","2015-08_Ningaloo.shallow.sanctuaries_stereoBRUVs","NCB1008","Lethrinidae","Lethrinus","nebulosus","37351008","441.95781","1.42350","4.75743","1830.34759","-22.049","113.8899","20150818","13:16:00","North.Mandu","Fished","MAN7","11.3","Katrina Bornt","Yes","Yes",NA
"224","2015-08_Ningaloo.shallow.sanctuaries_stereoBRUVs","NCB1008","Lethrinidae","Lethrinus","nebulosus","37351008","349.56806","2.33046","1.85420","1650.60953","-22.049","113.8899","20150818","13:16:00","North.Mandu","Fished","MAN7","11.3","Katrina Bornt","Yes","Yes",NA
"225","2015-08_Ningaloo.shallow.sanctuaries_stereoBRUVs","NCB1094","Lethrinidae","Lethrinus","nebulosus","37351008","489.69409","4.90305","14.04702","3890.85232","-23.0956","113.7317","20150822","8:26:00","Maud.Sanctuary","No-take","M2","9.2","Katrina Bornt","Yes","Yes",NA
"226","2015-08_Ningaloo.shallow.sanctuaries_stereoBRUVs","NCB1081","Lethrinidae","Lethrinus","nebulosus","37351008","465.65914","1.42134","2.21519","1389.79420","-22.9675","113.7689","20150821","14:29:00","Between.Cloats.and.Maud","Fished","PN12","9","Nicole Ryan","Yes","Yes",NA
"227","2015-08_Ningaloo.shallow.sanctuaries_stereoBRUVs","NCB1081","Lethrinidae","Lethrinus","nebulosus","37351008","383.20763","5.55405","4.89849","2019.57119","-22.9675","113.7689","20150821","14:29:00","Between.Cloats.and.Maud","Fished","PN12","9","Nicole Ryan","Yes","Yes",NA
"228","2015-08_Ningaloo.shallow.sanctuaries_stereoBRUVs","NCB1081","Lethrinidae","Lethrinus","nebulosus","37351008","327.93373","6.85011","7.23402","2331.22159","-22.9675","113.7689","20150821","14:29:00","Between.Cloats.and.Maud","Fished","PN12","9","Nicole Ryan","Yes","Yes",NA
"229","2015-08_Ningaloo.shallow.sanctuaries_stereoBRUVs","NCB1081","Lethrinidae","Lethrinus","nebulosus","37351008","462.16554","1.56084","8.02999","1527.68520","-22.9675","113.7689","20150821","14:29:00","Between.Cloats.and.Maud","Fished","PN12","9","Nicole Ryan","Yes","Yes",NA
"230","2015-08_Ningaloo.shallow.sanctuaries_stereoBRUVs","NCB1081","Lethrinidae","Lethrinus","nebulosus","37351008","419.89531","1.16488","4.32171","1432.04689","-22.9675","113.7689","20150821","14:29:00","Between.Cloats.and.Maud","Fished","PN12","9","Nicole Ryan","Yes","Yes",NA
"231","2015-08_Ningaloo.shallow.sanctuaries_stereoBRUVs","NCB1067","Lethrinidae","Lethrinus","nebulosus","37351008","476.13629","8.71625","3.97915","3883.80164","-22.7251","113.6588","20150821","9:16:00","Cloates.Sanctuary","No-take","C11","11.3","Todd Bond","Yes","Yes",NA
"232","2015-08_Ningaloo.shallow.sanctuaries_stereoBRUVs","NCB1098","Lethrinidae","Lethrinus","nebulosus","37351008","323.19834","7.28942","8.08803","3676.60134","-23.1277","113.7405","20150822","10:12:00","Maud.Sanctuary","Fished","PN8","6.8","Izzy Lindgren","Yes","Yes",NA
"233","2015-08_Ningaloo.shallow.sanctuaries_stereoBRUVs","NCB1096","Lethrinidae","Lethrinus","nebulosus","37351008","518.99453","7.91378","4.36139","2998.03898","-23.1053","113.7341","20150822","8:33:00","Maud.Sanctuary","Fished","PN9","9.4","Katrina Bornt","Yes","Yes",NA
"234","2015-08_Ningaloo.shallow.sanctuaries_stereoBRUVs","NCB1079","Lethrinidae","Lethrinus","nebulosus","37351008","509.50376","3.41265","5.07614","2584.59772","-22.9314","113.7659","20150821","14:15:00","Between.Cloats.and.Maud","Fished","PN13","9.8","Todd Bond","Yes","Yes",NA
"235","2015-08_Ningaloo.shallow.sanctuaries_stereoBRUVs","NCB1110","Lethrinidae","Lethrinus","nebulosus","37351008","338.71594","1.22448","2.83436","1403.25767","-23.3557","113.7716","20150822","13:53:00","Pelican.Sanctuary","No-take","P7","12.5","Katrina Bornt","Yes","Yes",NA
"236","2015-08_Ningaloo.shallow.sanctuaries_stereoBRUVs","NCB1110","Lethrinidae","Lethrinus","nebulosus","37351008","292.94100","6.73874","4.32325","3673.24879","-23.3557","113.7716","20150822","13:53:00","Pelican.Sanctuary","No-take","P7","12.5","Katrina Bornt","Yes","Yes",NA
"237","2015-08_Ningaloo.shallow.sanctuaries_stereoBRUVs","NCB1097","Lethrinidae","Lethrinus","nebulosus","37351008","573.28999","8.70363","8.50226","4507.64668","-23.1136","113.7372","20150822","10:00:00","Maud.Sanctuary","No-take","M1","8.6","Brigit Vaughan","Yes","Yes",NA
"238","2015-08_Ningaloo.shallow.sanctuaries_stereoBRUVs","NCB1097","Lethrinidae","Lethrinus","nebulosus","37351008","541.82310","12.81014","2.10883","3259.00359","-23.1136","113.7372","20150822","10:00:00","Maud.Sanctuary","No-take","M1","8.6","Brigit Vaughan","Yes","Yes",NA
