"Sample","Family","Genus","Species","Count","Transect"
"B1-01","Pomacentridae","Pomacentrus","moluccensis",1,1
"B1-01","Labridae","Thalassoma","hardwicke",1,1
"B1-01","Pomacentridae","Neoglyphidodon","nigroris",1,1
"B1-01","Scaridae","Chlorurus","sordidus",1,1
"B1-01","Pomacentridae","Pomacentrus","moluccensis",1,1
"B1-01","Scaridae","Chlorurus","sordidus",1,1
"B1-01","Scaridae","Scarus","rivulatus",1,1
"B1-01","Pomacentridae","Abudefduf","sexfasciatus",1,1
"B1-01","Pomacentridae","Abudefduf","sexfasciatus",1,1
"B1-01","Pomacentridae","Abudefduf","sexfasciatus",1,1
"B1-01","Pomacentridae","Abudefduf","sexfasciatus",1,1
"B1-01","Pomacentridae","Abudefduf","sexfasciatus",1,1
"B1-01","Scaridae","Scarus","rivulatus",1,1
"B1-01","Pomacentridae","Abudefduf","sexfasciatus",1,1
"B1-01","Scaridae","Chlorurus","sordidus",1,1
"B1-01","Scaridae","Chlorurus","sordidus",1,1
"B1-01","Scaridae","Scarus","schlegeli",1,1
"B1-01","Scaridae","Scarus","rivulatus",1,1
"B1-01","Scaridae","Scarus","rivulatus",1,1
"B1-01","Labridae","Hemigymnus","melapterus",1,1
"B1-01","Scaridae","Scarus","rivulatus",1,1
"B1-01","Acanthuridae","Ctenochaetus","striatus",1,1
"B1-01","Labridae","Choerodon","cyanodus",1,1
"B1-01","Labridae","Hemigymnus","fasciatus",1,1
"B1-01","Labridae","Thalassoma","lutescens",1,1
"B1-01","Scaridae","Chlorurus","sordidus",1,1
"B1-01","Labridae","Thalassoma","hardwicke",1,1
"B1-01","Labridae","Thalassoma","hardwicke",1,1
"B1-01","Labridae","Thalassoma","lutescens",1,1
"B1-01","Labridae","Thalassoma","lutescens",1,1
"B1-01","Labridae","Hemigymnus","fasciatus",1,1
"B1-01","Labridae","Thalassoma","lutescens",1,1
"B1-01","Labridae","Thalassoma","lunare",1,1
"B1-01","Labridae","Thalassoma","hardwicke",1,1
"B1-01","Pomacentridae","Abudefduf","sexfasciatus",45,1
"B1-01","Acanthuridae","Acanthurus","spp",1,1
"B1-01","Scaridae","Chlorurus","sordidus",3,1
"B1-01","Labridae","Hemigymnus","fasciatus",1,1
"B1-01","Labridae","Hemigymnus","melapterus",2,1
"B1-01","Pomacentridae","Pomacentrus","moluccensis",2,1
"B1-01","Scaridae","Scaridae","spp",24,1
"B1-01","Scaridae","Scarus","rivulatus",11,1
"B1-01","Nemipteridae","Scolopsis","bilineata",1,1
"B1-01","Pomacentridae","Stegastes","spp",7,1
"B1-01","Labridae","Thalassoma","hardwicke",5,1
"B1-01","Labridae","Thalassoma","lutescens",3,1
"B1-01","Chaetodontidae","Chaetodon","auriga",1,1
"B1-02","Scaridae","Chlorurus","sordidus",1,2
"B1-02","Scaridae","Chlorurus","sordidus",1,2
"B1-02","Scaridae","Chlorurus","sordidus",1,2
"B1-02","Scaridae","Scarus","rivulatus",1,2
"B1-02","Acanthuridae","Ctenochaetus","striatus",1,2
"B1-02","Scaridae","Scarus","rivulatus",1,2
"B1-02","Scaridae","Scarus","rivulatus",1,2
"B1-02","Scaridae","Chlorurus","sordidus",1,2
"B1-02","Scaridae","Scarus","rivulatus",1,2
"B1-02","Scaridae","Scarus","schlegeli",1,2
"B1-02","Scaridae","Scarus","rivulatus",1,2
"B1-02","Labridae","Thalassoma","lutescens",1,2
"B1-02","Scaridae","Scarus","rivulatus",1,2
"B1-02","Acanthuridae","Ctenochaetus","striatus",1,2
"B1-02","Scaridae","Scarus","rivulatus",1,2
"B1-02","Acanthuridae","Ctenochaetus","striatus",1,2
"B1-02","Scaridae","Chlorurus","sordidus",1,2
"B1-02","Scaridae","Chlorurus","sordidus",1,2
"B1-02","Scaridae","Scarus","rivulatus",1,2
"B1-02","Scaridae","Scarus","rivulatus",1,2
"B1-02","Scaridae","Chlorurus","sordidus",1,2
"B1-02","Acanthuridae","Acanthurus","triostegus",1,2
"B1-02","Labridae","Thalassoma","lutescens",1,2
"B1-02","Nemipteridae","Scolopsis","bilineata",1,2
"B1-02","Nemipteridae","Scolopsis","bilineata",1,2
"B1-02","Labridae","Thalassoma","lutescens",1,2
"B1-02","Scaridae","Scarus","schlegeli",1,2
"B1-02","Scaridae","Scarus","rivulatus",1,2
"B1-02","Scaridae","Scarus","rivulatus",1,2
"B1-02","Acanthuridae","Acanthurus","triostegus",1,2
"B1-02","Labridae","Thalassoma","lutescens",1,2
"B1-02","Acanthuridae","Acanthurus","triostegus",1,2
"B1-02","Scaridae","Scarus","schlegeli",1,2
"B1-02","Scaridae","Scarus","schlegeli",1,2
"B1-02","Scaridae","Scarus","schlegeli",1,2
"B1-02","Scaridae","Scarus","schlegeli",1,2
"B1-02","Scaridae","Scarus","rivulatus",1,2
"B1-02","Acanthuridae","Ctenochaetus","striatus",1,2
"B1-02","Acanthuridae","Acanthurus","triostegus",1,2
"B1-02","Acanthuridae","Acanthurus","triostegus",1,2
"B1-02","Scaridae","Scarus","schlegeli",1,2
"B1-02","Scaridae","Scarus","schlegeli",1,2
"B1-02","Scaridae","Scarus","rivulatus",1,2
"B1-02","Labridae","Thalassoma","lutescens",1,2
"B1-02","Scaridae","Scarus","schlegeli",1,2
"B1-02","Scaridae","Scarus","schlegeli",1,2
"B1-02","Acanthuridae","Acanthurus","triostegus",1,2
"B1-02","Acanthuridae","Acanthurus","triostegus",1,2
"B1-02","Scaridae","Scarus","rivulatus",1,2
"B1-02","Scaridae","Chlorurus","sordidus",1,2
"B1-02","Scaridae","Scarus","rivulatus",1,2
"B1-02","Pomacanthidae","Pomacanthus","sexstriatus",1,2
"B1-02","Pomacentridae","Abudefduf","sexfasciatus",1,2
"B1-02","Pomacentridae","Abudefduf","sexfasciatus",1,2
"B1-02","Pomacentridae","Abudefduf","sexfasciatus",1,2
"B1-02","Pomacentridae","Abudefduf","sexfasciatus",1,2
"B1-02","Pomacentridae","Abudefduf","sexfasciatus",1,2
"B1-02","Pomacanthidae","Pomacanthus","sexstriatus",1,2
"B1-02","Acanthuridae","Ctenochaetus","striatus",1,2
"B1-02","Pomacentridae","Abudefduf","sexfasciatus",1,2
"B1-02","Pomacentridae","Abudefduf","sexfasciatus",1,2
"B1-02","Pomacentridae","Abudefduf","sexfasciatus",1,2
"B1-02","Pomacentridae","Abudefduf","bengalensis",1,2
"B1-02","Labridae","Labroides","dimidiatus",1,2
"B1-02","Pomacentridae","Abudefduf","sexfasciatus",58,2
"B1-02","Acanthuridae","Acanthurus","triostegus",8,2
"B1-02","Scaridae","Chlorurus","sordidus",3,2
"B1-02","Acanthuridae","Ctenochaetus","striatus",4,2
"B1-02","Labridae","Hemigymnus","fasciatus",1,2
"B1-02","Labridae","Labroides","dimidiatus",1,2
"B1-02","Pomacentridae","Pomacentrus","milleri",1,2
"B1-02","Scaridae","Scaridae","spp",41,2
"B1-02","Scaridae","Scarus","rivulatus",18,2
"B1-02","Scaridae","Scarus","schlegeli",6,2
"B1-02","Pomacentridae","Stegastes","spp",3,2
"B1-02","Labridae","Thalassoma","hardwicke",2,2
"B1-02","Labridae","Thalassoma","lutescens",2,2
"B1-03","Labridae","Choerodon","schoenleinii",1,3
"B1-03","Scaridae","Chlorurus","sordidus",1,3
"B1-03","Scaridae","Scarus","rivulatus",1,3
"B1-03","Labridae","Thalassoma","lutescens",1,3
"B1-03","Scaridae","Chlorurus","sordidus",1,3
"B1-03","Scaridae","Chlorurus","sordidus",1,3
"B1-03","Scaridae","Chlorurus","sordidus",1,3
"B1-03","Labridae","Thalassoma","lutescens",1,3
"B1-03","Labridae","Choerodon","schoenleinii",1,3
"B1-03","Labridae","Choerodon","schoenleinii",1,3
"B1-03","Scaridae","Chlorurus","sordidus",1,3
"B1-03","Scaridae","Chlorurus","sordidus",1,3
"B1-03","Scaridae","Scarus","rivulatus",1,3
"B1-03","Scaridae","Scarus","rivulatus",1,3
"B1-03","Scaridae","Scarus","ghobban",1,3
"B1-03","Scaridae","Scarus","rivulatus",1,3
"B1-03","Scaridae","Scarus","ghobban",1,3
"B1-03","Scaridae","Scarus","rivulatus",1,3
"B1-03","Scaridae","Scarus","schlegeli",1,3
"B1-03","Scaridae","Scarus","rivulatus",1,3
"B1-03","Acanthuridae","Ctenochaetus","striatus",1,3
"B1-03","Acanthuridae","Ctenochaetus","striatus",1,3
"B1-03","Acanthuridae","Ctenochaetus","striatus",1,3
"B1-03","Scaridae","Chlorurus","sordidus",1,3
"B1-03","Labridae","Thalassoma","hardwicke",1,3
"B1-03","Labridae","Hemigymnus","melapterus",1,3
"B1-03","Acanthuridae","Acanthurus","triostegus",1,3
"B1-03","Acanthuridae","Ctenochaetus","striatus",1,3
"B1-03","Acanthuridae","Ctenochaetus","striatus",1,3
"B1-03","Acanthuridae","Ctenochaetus","striatus",1,3
"B1-03","Scaridae","Scarus","rivulatus",1,3
"B1-03","Scaridae","Scarus","schlegeli",1,3
"B1-03","Labridae","Hemigymnus","melapterus",1,3
"B1-03","Siganidae","Siganus","doliatus",1,3
"B1-03","Siganidae","Siganus","doliatus",1,3
"B1-03","Acanthuridae","Ctenochaetus","striatus",1,3
"B1-03","Acanthuridae","Ctenochaetus","striatus",1,3
"B1-03","Pomacanthidae","Pomacanthus","semicirculatus",1,3
"B1-03","Acanthuridae","Acanthurus","triostegus",1,3
"B1-03","Acanthuridae","Ctenochaetus","striatus",1,3
"B1-03","Acanthuridae","Ctenochaetus","striatus",1,3
"B1-03","Siganidae","Siganus","doliatus",1,3
"B1-03","Scaridae","Chlorurus","sordidus",1,3
"B1-03","Acanthuridae","Acanthurus","grammoptilus",1,3
"B1-03","Acanthuridae","Acanthurus","triostegus",7,3
"B1-03","Scaridae","Chlorurus","sordidus",7,3
"B1-03","Labridae","Coris","aygula",1,3
"B1-03","Acanthuridae","Ctenochaetus","striatus",4,3
"B1-03","Labridae","Hemigymnus","fasciatus",1,3
"B1-03","Pomacanthidae","Pomacanthus","semicirculatus",1,3
"B1-03","Pomacentridae","Pomacentrus","coelestis",41,3
"B1-03","Scaridae","Scaridae","spp",17,3
"B1-03","Scaridae","Scarus","ghobban",1,3
"B1-03","Scaridae","Scarus","ghobban",1,3
"B1-03","Scaridae","Scarus","rivulatus",4,3
"B1-03","Scaridae","Scarus","rivulatus",5,3
"B1-03","Scaridae","Scarus","rivulatus",23,3
"B1-03","Scaridae","Scarus","schlegeli",1,3
"B1-03","Scaridae","Scarus","schlegeli",2,3
"B1-03","Nemipteridae","Scolopsis","bilineata",1,3
"B1-03","Siganidae","Siganus","doliatus",5,3
"B1-03","Pomacentridae","Stegastes","spp",1,3
"B1-03","Labridae","Thalassoma","hardwicke",1,3
"B1-03","Labridae","Thalassoma","lutescens",2,3
"B1-03","Acanthuridae","Zebrasoma","veliferum",1,3
"B1-04","Acanthuridae","Ctenochaetus","striatus",1,4
"B1-04","Labridae","Thalassoma","lutescens",1,4
"B1-04","Pomacentridae","Neoglyphidodon","nigroris",1,4
"B1-04","Pomacentridae","Pomacentrus","coelestis",1,4
"B1-04","Pomacentridae","Pomacentrus","coelestis",1,4
"B1-04","Pomacentridae","Pomacentrus","coelestis",1,4
"B1-04","Pomacentridae","Pomacentrus","milleri",1,4
"B1-04","Scaridae","Scarus","rivulatus",1,4
"B1-04","Pomacentridae","Neoglyphidodon","nigroris",1,4
"B1-04","Acanthuridae","Acanthurus","triostegus",1,4
"B1-04","Scaridae","Scarus","frenatus",1,4
"B1-04","Pomacentridae","Abudefduf","sexfasciatus",1,4
"B1-04","Acanthuridae","Ctenochaetus","striatus",1,4
"B1-04","Pomacentridae","Abudefduf","sexfasciatus",1,4
"B1-04","Pomacentridae","Abudefduf","sexfasciatus",1,4
"B1-04","Scaridae","Scarus","schlegeli",1,4
"B1-04","Scaridae","Scarus","rivulatus",1,4
"B1-04","Pomacentridae","Abudefduf","sexfasciatus",1,4
"B1-04","Pomacentridae","Abudefduf","bengalensis",1,4
"B1-04","Scaridae","Chlorurus","sordidus",1,4
"B1-04","Scaridae","Chlorurus","sordidus",1,4
"B1-04","Scaridae","Scarus","rivulatus",1,4
"B1-04","Pomacentridae","Abudefduf","bengalensis",1,4
"B1-04","Labridae","Choerodon","schoenleinii",1,4
"B1-04","Pomacentridae","Abudefduf","sexfasciatus",33,4
"B1-04","Acanthuridae","Acanthurus","triostegus",2,4
"B1-04","Chaetodontidae","Chaetodon","spp",1,4
"B1-04","Acanthuridae","Ctenochaetus","striatus",6,4
"B1-04","Acanthuridae","Naso","unicornis",1,4
"B1-04","Pomacentridae","Neoglyphidodon","nigroris",1,4
"B1-04","Pomacentridae","Pomacentrus","coelestis",5,4
"B1-04","Pomacentridae","Pomacentrus","moluccensis",2,4
"B1-04","Scaridae","Scaridae","spp",3,4
"B1-04","Scaridae","Scarus","frenatus",1,4
"B1-04","Scaridae","Scarus","ghobban",1,4
"B1-04","Scaridae","Scarus","rivulatus",1,4
"B1-04","Scaridae","Scarus","rivulatus",3,4
"B1-04","Scaridae","Scarus","schlegeli",1,4
"B1-04","Pomacentridae","Stegastes","spp",5,4
"B1-04","Labridae","Thalassoma","lutescens",1,4
"B1-05","Siganidae","Siganus","doliatus",1,5
"B1-05","Acanthuridae","Ctenochaetus","striatus",1,5
"B1-05","Scaridae","Chlorurus","sordidus",1,5
"B1-05","Scaridae","Scarus","schlegeli",1,5
"B1-05","Labridae","Thalassoma","lutescens",1,5
"B1-05","Scaridae","Scarus","rivulatus",1,5
"B1-05","Scaridae","Chlorurus","sordidus",1,5
"B1-05","Lutjanidae","Lutjanus","carponotatus",1,5
"B1-05","Scaridae","Scarus","prasiognathos",1,5
"B1-05","Haemulidae","Plectorhinchus","multivittatus",1,5
"B1-05","Haemulidae","Plectorhinchus","multivittatus",1,5
"B1-05","Lutjanidae","Lutjanus","carponotatus",1,5
"B1-05","Scaridae","Chlorurus","sordidus",1,5
"B1-05","Pomacentridae","Abudefduf","sexfasciatus",1,5
"B1-05","Pomacentridae","Abudefduf","sexfasciatus",1,5
"B1-05","Pomacentridae","Abudefduf","sexfasciatus",1,5
"B1-05","Pomacentridae","Abudefduf","sexfasciatus",1,5
"B1-05","Pomacentridae","Abudefduf","sexfasciatus",1,5
"B1-05","Scaridae","Chlorurus","sordidus",1,5
"B1-05","Pomacentridae","Neoglyphidodon","nigroris",1,5
"B1-05","Pomacentridae","Pomacentrus","moluccensis",1,5
"B1-05","Scaridae","Chlorurus","sordidus",1,5
"B1-05","Scaridae","Chlorurus","sordidus",1,5
"B1-05","Labridae","Hemigymnus","fasciatus",1,5
"B1-05","Pomacentridae","Abudefduf","sexfasciatus",1,5
"B1-05","Pomacentridae","Abudefduf","sexfasciatus",1,5
"B1-05","Pomacentridae","Abudefduf","sexfasciatus",1,5
"B1-05","Pomacentridae","Abudefduf","sexfasciatus",1,5
"B1-05","Scaridae","Chlorurus","sordidus",1,5
"B1-05","Scaridae","Scarus","rivulatus",1,5
"B1-05","Scaridae","Scarus","schlegeli",1,5
"B1-05","Pomacentridae","Abudefduf","sexfasciatus",1,5
"B1-05","Acanthuridae","Acanthurus","grammoptilus",1,5
"B1-05","Scaridae","Scarus","rivulatus",1,5
"B1-05","Pomacentridae","Abudefduf","bengalensis",2,5
"B1-05","Pomacentridae","Abudefduf","sexfasciatus",11,5
"B1-05","Acanthuridae","Acanthurus","grammoptilus",1,5
"B1-05","Caesionidae","Caesio","cuning",10,5
"B1-05","Scaridae","Chlorurus","sordidus",1,5
"B1-05","Labridae","Hemigymnus","fasciatus",1,5
"B1-05","Pomacentridae","Neoglyphidodon","nigroris",7,5
"B1-05","Pomacentridae","Neopomacentrus","azysron",35,5
"B1-05","Pempherididae","Pempheris","spp",1,5
"B1-05","Pomacentridae","Pomacentrus","coelestis",5,5
"B1-05","Pomacentridae","Pomacentrus","moluccensis",6,5
"B1-05","Scaridae","Scaridae","spp",6,5
"B1-05","Scaridae","Scarus","frenatus",1,5
"B1-05","Scaridae","Scarus","ghobban",1,5
"B1-05","Scaridae","Scarus","prasiognathos",1,5
"B1-05","Scaridae","Scarus","rivulatus",1,5
"B1-05","Scaridae","Scarus","rivulatus",4,5
"B1-05","Nemipteridae","Scolopsis","bilineata",1,5
"B1-05","Siganidae","Siganus","doliatus",3,5
"B1-05","Pomacentridae","Stegastes","spp",13,5
"B1-05","Labridae","Thalassoma","hardwicke",1,5
"B1-05","Labridae","Thalassoma","lunare",1,5
"B1-05","Lethrinidae","Lethrinus","spp",1,5
"B1-06","Pomacentridae","Abudefduf","sexfasciatus",1,6
"B1-06","Pomacentridae","Abudefduf","sexfasciatus",1,6
"B1-06","Caesionidae","Caesio","cuning",1,6
"B1-06","Caesionidae","Caesio","cuning",1,6
"B1-06","Caesionidae","Caesio","cuning",1,6
"B1-06","Scaridae","Scarus","rivulatus",1,6
"B1-06","Caesionidae","Caesio","cuning",1,6
"B1-06","Caesionidae","Caesio","cuning",1,6
"B1-06","Caesionidae","Caesio","cuning",1,6
"B1-06","Caesionidae","Caesio","cuning",1,6
"B1-06","Caesionidae","Caesio","cuning",1,6
"B1-06","Caesionidae","Caesio","cuning",1,6
"B1-06","Caesionidae","Caesio","cuning",1,6
"B1-06","Caesionidae","Caesio","cuning",1,6
"B1-06","Caesionidae","Caesio","cuning",1,6
"B1-06","Caesionidae","Caesio","cuning",1,6
"B1-06","Caesionidae","Caesio","cuning",1,6
"B1-06","Haemulidae","Diagramma","pictum labiosum",1,6
"B1-06","Labridae","Choerodon","schoenleinii",1,6
"B1-06","Haemulidae","Plectorhinchus","multivittatus",1,6
"B1-06","Labridae","Choerodon","schoenleinii",1,6
"B1-06","Acanthuridae","Acanthurus","grammoptilus",1,6
"B1-06","Serranidae","Epinephelus","spp",1,6
"B1-06","Labridae","Labroides","dimidiatus",1,6
"B1-06","Serranidae","Epinephelus","fasciatus",1,6
"B1-06","Labridae","Thalassoma","lunare",1,6
"B1-06","Nemipteridae","Scolopsis","bilineata",1,6
"B1-06","Pomacentridae","Dascyllus","reticulatus",1,6
"B1-06","Pomacentridae","Dascyllus","reticulatus",1,6
"B1-06","Pomacentridae","Dascyllus","reticulatus",1,6
"B1-06","Pomacentridae","Dascyllus","reticulatus",1,6
"B1-06","Pomacentridae","Pomacentrus","moluccensis",1,6
"B1-06","Pomacentridae","Neoglyphidodon","nigroris",1,6
"B1-06","Pomacentridae","Pomacentrus","moluccensis",1,6
"B1-06","Nemipteridae","Scolopsis","bilineata",1,6
"B1-06","Pomacentridae","Pomacentrus","moluccensis",1,6
"B1-06","Pomacentridae","Neoglyphidodon","nigroris",1,6
"B1-06","Pomacentridae","Neoglyphidodon","nigroris",1,6
"B1-06","Pomacentridae","Pomacentrus","moluccensis",1,6
"B1-06","Pomacentridae","Pomacentrus","moluccensis",1,6
"B1-06","Pomacentridae","Pomacentrus","moluccensis",1,6
"B1-06","Pomacentridae","Dascyllus","reticulatus",1,6
"B1-06","Pomacentridae","Neoglyphidodon","nigroris",1,6
"B1-06","Labridae","Hemigymnus","melapterus",1,6
"B1-06","Labridae","Hemigymnus","melapterus",1,6
"B1-06","Mullidae","Parupeneus","barberinoides",1,6
"B1-06","Scaridae","Scarus","schlegeli",1,6
"B1-06","Labridae","Bodianus","spp",1,6
"B1-06","Pomacentridae","Pomacentrus","milleri",1,6
"B1-06","Pomacentridae","Pomacentrus","moluccensis",1,6
"B1-06","Nemipteridae","Scolopsis","bilineata",1,6
"B1-06","Pomacentridae","Pomacentrus","moluccensis",1,6
"B1-06","Serranidae","Epinephelus","fasciatus",1,6
"B1-06","Labridae","Bodianus","axillaris",1,6
"B1-06","Pomacentridae","Neoglyphidodon","nigroris",1,6
"B1-06","Pomacentridae","Pomacentrus","moluccensis",1,6
"B1-06","Pomacentridae","Abudefduf","sexfasciatus",3,6
"B1-06","Acanthuridae","Acanthurus","grammoptilus",1,6
"B1-06","Labridae","Bodianus","spp",2,6
"B1-06","Caesionidae","Caesio","cuning",56,6
"B1-06","Chaetodontidae","Chaetodon","lunula",1,6
"B1-06","Chaetodontidae","Chaetodon","spp",1,6
"B1-06","Scaridae","Chlorurus","sordidus",4,6
"B1-06","Acanthuridae","Ctenochaetus","striatus",1,6
"B1-06","Pomacentridae","Dascyllus","reticulatus",2,6
"B1-06","Chaetodontidae","Heniochus","acuminatus",1,6
"B1-06","Pomacentridae","Neoglyphidodon","nigroris",10,6
"B1-06","Mullidae","Parupeneus","barberinoides",2,6
"B1-06","Pomacentridae","Pomacentrus","coelestis",2,6
"B1-06","Pomacentridae","Pomacentrus","milleri",4,6
"B1-06","Pomacentridae","Pomacentrus","moluccensis",26,6
"B1-06","Scaridae","Scaridae","spp",17,6
"B1-06","Scaridae","Scarus","rivulatus",1,6
"B1-06","Scaridae","Scarus","rivulatus",4,6
"B1-06","Nemipteridae","Scolopsis","bilineata",2,6
"B1-06","Siganidae","Siganus","doliatus",3,6
"B1-06","Pomacentridae","Stegastes","spp",1,6
"B1-06","Labridae","Thalassoma","lunare",4,6
"B1-06","Labridae","Thalassoma","lutescens",1,6
"B2-01","Labridae","Thalassoma","lunare",1,1
"B2-01","Labridae","Thalassoma","lunare",1,1
"B2-01","Labridae","Thalassoma","lunare",1,1
"B2-01","Pomacentridae","Pomacentrus","coelestis",1,1
"B2-01","Balistidae","Sufflamen","chrysopterum",1,1
"B2-01","Labridae","Thalassoma","lunare",1,1
"B2-02","Pomacentridae","Pomacentrus","limosus",1,2
"B2-02","Labridae","Choerodon","cauteroma",1,2
"B2-02","Labridae","Choerodon","cauteroma",1,2
"B2-02","Labridae","Choerodon","schoenleinii",1,2
"B2-02","Pomacentridae","Pomacentrus","limosus",1,2
"B2-02","Pomacentridae","Dascyllus","aruanus",1,2
"B2-02","Pomacentridae","Dascyllus","aruanus",1,2
"B2-02","Pomacentridae","Dascyllus","aruanus",1,2
"B2-02","Pomacentridae","Dascyllus","reticulatus",1,2
"B2-02","Pomacentridae","Pomacentrus","milleri",1,2
"B2-02","Lethrinidae","Lethrinus","spp",1,2
"B2-02","Mullidae","Parupeneus","barberinoides",1,2
"B2-02","Mullidae","Parupeneus","barberinoides",1,2
"B2-02","Pomacentridae","Chromis","atripectoralis",1,2
"B2-02","Pomacentridae","Pomacentrus","moluccensis",1,2
"B2-02","Chaetodontidae","Chelmon","marginalis",1,2
"B2-02","Pomacentridae","Pomacentrus","moluccensis",1,2
"B2-02","Scaridae","Chlorurus","sordidus",1,2
"B2-02","Pomacentridae","Chromis","atripectoralis",1,2
"B2-02","Pomacentridae","Neoglyphidodon","melas",1,2
"B2-02","Pomacentridae","Chromis","atripectoralis",3,2
"B2-02","Pomacentridae","Dascyllus","aruanus",1,2
"B2-02","Pomacentridae","Dascyllus","reticulatus",4,2
"B2-02","Labridae","Halichoeres","nebulosus",1,2
"B2-02","Pomacentridae","Neoglyphidodon","nigroris",12,2
"B2-02","Mullidae","Parupeneus","barberinoides",1,2
"B2-02","Pomacentridae","Pomacentrus","limosus",26,2
"B2-02","Pomacentridae","Pomacentrus","milleri",1,2
"B2-02","Pomacentridae","Pomacentrus","moluccensis",13,2
"B2-02","Labridae","Thalassoma","lunare",2,2
"B2-03","Lutjanidae","Lutjanus","carponotatus",1,3
"B2-03","Labridae","Choerodon","schoenleinii",1,3
"B2-03","Nemipteridae","Scolopsis","bilineata",1,3
"B2-03","Labridae","Thalassoma","lunare",1,3
"B2-03","Nemipteridae","Scolopsis","bilineata",1,3
"B2-03","Pomacentridae","Neoglyphidodon","nigroris",1,3
"B2-03","Siganidae","Siganus","doliatus",1,3
"B2-03","Scaridae","Chlorurus","sordidus",1,3
"B2-03","Scaridae","Chlorurus","sordidus",1,3
"B2-03","Scaridae","Chlorurus","sordidus",1,3
"B2-03","Pomacentridae","Neoglyphidodon","nigroris",1,3
"B2-03","Pomacentridae","Neoglyphidodon","nigroris",1,3
"B2-03","Pomacentridae","Chromis","atripectoralis",1,3
"B2-03","Pomacentridae","Chromis","atripectoralis",1,3
"B2-03","Pomacentridae","Chromis","atripectoralis",1,3
"B2-03","Pomacentridae","Chromis","atripectoralis",1,3
"B2-03","Pomacentridae","Chromis","atripectoralis",1,3
"B2-03","Pomacentridae","Neoglyphidodon","nigroris",1,3
"B2-03","Pomacentridae","Neoglyphidodon","nigroris",1,3
"B2-03","Scaridae","Chlorurus","sordidus",1,3
"B2-03","Labridae","Labroides","dimidiatus",1,3
"B2-03","Pomacentridae","Dascyllus","reticulatus",1,3
"B2-03","Scaridae","Chlorurus","sordidus",1,3
"B2-03","Scaridae","Chlorurus","sordidus",1,3
"B2-03","Pomacentridae","Neoglyphidodon","nigroris",1,3
"B2-03","Pomacentridae","Pomacentrus","moluccensis",1,3
"B2-03","Pomacentridae","Pomacentrus","moluccensis",1,3
"B2-03","Labridae","Thalassoma","lunare",1,3
"B2-03","Pomacentridae","Pomacentrus","milleri",1,3
"B2-03","Labridae","Choerodon","schoenleinii",1,3
"B2-03","Pomacentridae","Neoglyphidodon","nigroris",1,3
"B2-03","Scaridae","Chlorurus","sordidus",1,3
"B2-03","Pomacentridae","Chromis","atripectoralis",1,3
"B2-03","Pomacentridae","Pomacentrus","milleri",1,3
"B2-03","Pomacentridae","Neoglyphidodon","nigroris",1,3
"B2-03","Labridae","Hemigymnus","melapterus",1,3
"B2-03","Pomacentridae","Pomacentrus","moluccensis",1,3
"B2-03","Pomacentridae","Neoglyphidodon","nigroris",1,3
"B2-03","Scaridae","Chlorurus","sordidus",1,3
"B2-03","Scaridae","Chlorurus","sordidus",1,3
"B2-03","Scaridae","Chlorurus","sordidus",1,3
"B2-03","Scaridae","Scarus","ghobban",1,3
"B2-03","Scaridae","Chlorurus","sordidus",1,3
"B2-03","Scaridae","Chlorurus","sordidus",1,3
"B2-03","Pomacentridae","Neoglyphidodon","nigroris",1,3
"B2-03","Pomacentridae","Neoglyphidodon","nigroris",1,3
"B2-03","Pomacentridae","Neoglyphidodon","nigroris",1,3
"B2-03","Labridae","Bodianus","spp",1,3
"B2-03","Scaridae","Chlorurus","sordidus",23,3
"B2-03","Pomacentridae","Chromis","atripectoralis",10,3
"B2-03","Acanthuridae","Ctenochaetus","striatus",1,3
"B2-03","Pomacentridae","Dascyllus","reticulatus",6,3
"B2-03","Labridae","Labroides","dimidiatus",1,3
"B2-03","Pomacentridae","Neoglyphidodon","nigroris",10,3
"B2-03","Pomacentridae","Pomacentrus","milleri",11,3
"B2-03","Pomacentridae","Pomacentrus","moluccensis",22,3
"B2-03","Scaridae","Scaridae","spp",13,3
"B2-03","Nemipteridae","Scolopsis","bilineata",1,3
"B2-03","Siganidae","Siganus","doliatus",3,3
"B2-03","Labridae","Thalassoma","lutescens",1,3
"B2-04","Pomacentridae","Neoglyphidodon","nigroris",1,4
"B2-04","Pomacentridae","Pomacentrus","milleri",1,4
"B2-04","Scaridae","Scarus","schlegeli",1,4
"B2-04","Pomacentridae","Neoglyphidodon","nigroris",1,4
"B2-04","Pomacentridae","Pomacentrus","moluccensis",1,4
"B2-04","Pomacentridae","Neoglyphidodon","nigroris",1,4
"B2-04","Pomacentridae","Pomacentrus","milleri",1,4
"B2-04","Pomacentridae","Neoglyphidodon","nigroris",1,4
"B2-04","Labridae","Thalassoma","lunare",1,4
"B2-04","Pomacentridae","Pomacentrus","milleri",1,4
"B2-04","Labridae","Thalassoma","lutescens",1,4
"B2-04","Scaridae","Chlorurus","sordidus",1,4
"B2-04","Labridae","Thalassoma","lunare",1,4
"B2-04","Nemipteridae","Scolopsis","bilineata",1,4
"B2-04","Scaridae","Chlorurus","sordidus",1,4
"B2-04","Scaridae","Scarus","rivulatus",1,4
"B2-04","Labridae","Thalassoma","lutescens",1,4
"B2-04","Labridae","Thalassoma","lunare",1,4
"B2-04","Acanthuridae","Acanthurus","spp",1,4
"B2-04","Scaridae","Chlorurus","sordidus",1,4
"B2-04","Pomacentridae","Neoglyphidodon","nigroris",1,4
"B2-04","Labridae","Thalassoma","hardwicke",1,4
"B2-04","Pomacentridae","Pomacentrus","milleri",1,4
"B2-04","Labridae","Thalassoma","lunare",1,4
"B2-04","Pomacentridae","Pomacentrus","milleri",1,4
"B2-04","Pomacentridae","Pomacentrus","milleri",1,4
"B2-04","Pomacentridae","Pomacentrus","milleri",1,4
"B2-04","Serranidae","Epinephelus","fasciatus",1,4
"B2-04","Pomacentridae","Abudefduf","sexfasciatus",1,4
"B2-04","Pomacentridae","Abudefduf","bengalensis",1,4
"B2-04","Pomacentridae","Abudefduf","sexfasciatus",1,4
"B2-04","Pomacentridae","Abudefduf","spp",2,4
"B2-04","Scaridae","Chlorurus","sordidus",1,4
"B2-04","Scaridae","Chlorurus","sordidus",9,4
"B2-04","Pomacentridae","Chromis","atripectoralis",30,4
"B2-04","Pomacentridae","Neoglyphidodon","nigroris",8,4
"B2-04","Mullidae","Parupeneus","barberinoides",1,4
"B2-04","Pempherididae","Pempheris","spp",1,4
"B2-04","Pomacentridae","Pomacentrus","milleri",12,4
"B2-04","Pomacentridae","Pomacentrus","moluccensis",1,4
"B2-04","Scaridae","Scaridae","spp",13,4
"B2-04","Scaridae","Scarus","rivulatus",5,4
"B2-04","Siganidae","Siganus","doliatus",1,4
"B2-04","Siganidae","Siganus","trispilos",1,4
"B2-04","Labridae","Thalassoma","hardwicke",1,4
"B2-04","Labridae","Thalassoma","lunare",2,4
"B2-04","Labridae","Thalassoma","lutescens",3,4
"B2-04","Acanthuridae","Zebrasoma","scopas",4,4
"B2-05","Scaridae","Chlorurus","sordidus",1,5
"B2-05","Scaridae","Chlorurus","sordidus",1,5
"B2-05","Scaridae","Chlorurus","sordidus",1,5
"B2-05","Scaridae","Chlorurus","sordidus",1,5
"B2-05","Scaridae","Chlorurus","sordidus",1,5
"B2-05","Scaridae","Chlorurus","sordidus",1,5
"B2-05","Scaridae","Chlorurus","sordidus",1,5
"B2-05","Scaridae","Chlorurus","sordidus",1,5
"B2-05","Pomacentridae","Pomacentrus","milleri",1,5
"B2-05","Labridae","Thalassoma","lutescens",1,5
"B2-05","Labridae","Thalassoma","hardwicke",1,5
"B2-05","Pomacentridae","Pomacentrus","milleri",1,5
"B2-05","Pomacentridae","Pomacentrus","milleri",1,5
"B2-05","Labridae","Hemigymnus","melapterus",1,5
"B2-05","Pomacentridae","Pomacentrus","milleri",1,5
"B2-05","Pomacentridae","Pomacentrus","milleri",1,5
"B2-05","Labridae","Thalassoma","lutescens",1,5
"B2-05","Scaridae","Scarus","rivulatus",1,5
"B2-05","Pomacentridae","Neoglyphidodon","melas",1,5
"B2-05","Scaridae","Scarus","rivulatus",1,5
"B2-05","Scaridae","Scarus","rivulatus",1,5
"B2-05","Scaridae","Chlorurus","sordidus",1,5
"B2-05","Pomacentridae","Pomacentrus","milleri",1,5
"B2-05","Pomacentridae","Pomacentrus","milleri",1,5
"B2-05","Labridae","Thalassoma","hardwicke",1,5
"B2-05","Pomacentridae","Abudefduf","sexfasciatus",1,5
"B2-05","Pomacentridae","Abudefduf","sexfasciatus",1,5
"B2-05","Pomacentridae","Abudefduf","sexfasciatus",1,5
"B2-05","Pomacentridae","Abudefduf","bengalensis",1,5
"B2-05","Pomacentridae","Abudefduf","sexfasciatus",13,5
"B2-05","Acanthuridae","Acanthurus","triostegus",2,5
"B2-05","Labridae","Cheilinus","spp",1,5
"B2-05","Scaridae","Chlorurus","sordidus",11,5
"B2-05","Pomacentridae","Chromis","atripectoralis",72,5
"B2-05","Acanthuridae","Ctenochaetus","striatus",1,5
"B2-05","Labridae","Gomphosus","varius",1,5
"B2-05","Labridae","Hemigymnus","melapterus",1,5
"B2-05","Labridae","Hemigymnus","melapterus",3,5
"B2-05","Pomacentridae","Neoglyphidodon","nigroris",1,5
"B2-05","Pomacentridae","Pomacentrus","coelestis",1,5
"B2-05","Pomacentridae","Pomacentrus","milleri",11,5
"B2-05","Scaridae","Scaridae","spp",12,5
"B2-05","Scaridae","Scarus","rivulatus",6,5
"B2-05","Scaridae","Scarus","schlegeli",1,5
"B2-05","Nemipteridae","Scolopsis","bilineata",1,5
"B2-05","Labridae","Thalassoma","hardwicke",3,5
"B2-05","Labridae","Thalassoma","lutescens",6,5
"B2-06","Pomacentridae","Abudefduf","sexfasciatus",1,6
"B2-06","Pomacentridae","Abudefduf","sexfasciatus",1,6
"B2-06","Scaridae","Scarus","ghobban",1,6
"B2-06","Scaridae","Chlorurus","sordidus",1,6
"B2-06","Scaridae","Chlorurus","sordidus",1,6
"B2-06","Acanthuridae","Acanthurus","triostegus",1,6
"B2-06","Scaridae","Chlorurus","sordidus",1,6
"B2-06","Pomacentridae","Neoglyphidodon","nigroris",1,6
"B2-06","Pomacentridae","Neoglyphidodon","nigroris",1,6
"B2-06","Acanthuridae","Acanthurus","triostegus",1,6
"B2-06","Acanthuridae","Acanthurus","triostegus",1,6
"B2-06","Labridae","Thalassoma","hardwicke",1,6
"B2-06","Acanthuridae","Acanthurus","triostegus",1,6
"B2-06","Acanthuridae","Acanthurus","triostegus",1,6
"B2-06","Scaridae","Chlorurus","sordidus",1,6
"B2-06","Scaridae","Chlorurus","sordidus",1,6
"B2-06","Scaridae","Scarus","rivulatus",1,6
"B2-06","Acanthuridae","Acanthurus","triostegus",1,6
"B2-06","Pomacentridae","Abudefduf","sexfasciatus",1,6
"B2-06","Scaridae","Chlorurus","sordidus",1,6
"B2-06","Scaridae","Chlorurus","sordidus",1,6
"B2-06","Pomacentridae","Abudefduf","bengalensis",1,6
"B2-06","Pomacentridae","Neoglyphidodon","nigroris",1,6
"B2-06","Nemipteridae","Scolopsis","bilineata",1,6
"B2-06","Labridae","Thalassoma","hardwicke",1,6
"B2-06","Labridae","Thalassoma","lutescens",1,6
"B2-06","Scaridae","Scarus","rivulatus",1,6
"B2-06","Scaridae","Chlorurus","sordidus",1,6
"B2-06","Scaridae","Chlorurus","sordidus",1,6
"B2-06","Scaridae","Chlorurus","sordidus",1,6
"B2-06","Pomacentridae","Neoglyphidodon","nigroris",1,6
"B2-06","Pomacentridae","Pomacentrus","milleri",1,6
"B2-06","Pomacentridae","Abudefduf","bengalensis",1,6
"B2-06","Pomacentridae","Abudefduf","sexfasciatus",45,6
"B2-06","Acanthuridae","Acanthuridae","spp",1,6
"B2-06","Acanthuridae","Acanthurus","triostegus",34,6
"B2-06","Scaridae","Chlorurus","sordidus",21,6
"B2-06","Pomacentridae","Chromis","atripectoralis",115,6
"B2-06","Acanthuridae","Ctenochaetus","striatus",1,6
"B2-06","Labridae","Hemigymnus","melapterus",1,6
"B2-06","Labridae","Hemigymnus","melapterus",2,6
"B2-06","Pomacentridae","Neoglyphidodon","nigroris",1,6
"B2-06","Pomacentridae","Pomacentrus","coelestis",1,6
"B2-06","Pomacentridae","Pomacentrus","milleri",3,6
"B2-06","Pomacentridae","Pomacentrus","moluccensis",1,6
"B2-06","Scaridae","Scaridae","spp",6,6
"B2-06","Scaridae","Scarus","ghobban",3,6
"B2-06","Scaridae","Scarus","rivulatus",2,6
"B2-06","Pomacentridae","Stegastes","spp",1,6
"B2-06","Labridae","Thalassoma","hardwicke",3,6
"B2-06","Labridae","Thalassoma","lunare",3,6
"B3-01","Pomacentridae","Neoglyphidodon","nigroris",1,1
"B3-01","Pomacentridae","Neoglyphidodon","nigroris",1,1
"B3-01","Serranidae","Epinephelus","fasciatus",1,1
"B3-01","Labridae","Thalassoma","lunare",1,1
"B3-01","Pomacentridae","Pomacentrus","milleri",1,1
"B3-01","Pomacentridae","Pomacentrus","milleri",1,1
"B3-01","Pomacentridae","Pomacentrus","milleri",1,1
"B3-01","Pomacentridae","Pomacentrus","moluccensis",1,1
"B3-01","Pomacentridae","Chromis","atripectoralis",1,1
"B3-01","Nemipteridae","Scolopsis","bilineata",1,1
"B3-01","Pomacentridae","Neoglyphidodon","nigroris",1,1
"B3-01","Pomacentridae","Chromis","atripectoralis",1,1
"B3-01","Pomacentridae","Chromis","atripectoralis",1,1
"B3-01","Pomacentridae","Neoglyphidodon","nigroris",1,1
"B3-01","Serranidae","Epinephelus","fasciatus",1,1
"B3-01","Mullidae","Parupeneus","barberinoides",1,1
"B3-01","Siganidae","Siganus","doliatus",1,1
"B3-01","Pomacentridae","Chromis","atripectoralis",1,1
"B3-01","Scaridae","Scarus","rivulatus",1,1
"B3-01","Labridae","Hemigymnus","melapterus",1,1
"B3-01","Pomacentridae","Chromis","atripectoralis",1,1
"B3-01","Pomacentridae","Chromis","atripectoralis",1,1
"B3-01","Pomacentridae","Chromis","atripectoralis",1,1
"B3-01","Scaridae","Chlorurus","sordidus",1,1
"B3-01","Pomacentridae","Chromis","atripectoralis",1,1
"B3-01","Scaridae","Chlorurus","sordidus",1,1
"B3-01","Chaetodontidae","Chelmon","marginalis",1,1
"B3-01","Labridae","Cheilinus","spp",2,1
"B3-01","Scaridae","Chlorurus","sordidus",10,1
"B3-01","Pomacentridae","Chromis","atripectoralis",54,1
"B3-01","Labridae","Hemigymnus","melapterus",1,1
"B3-01","Pomacentridae","Neoglyphidodon","nigroris",12,1
"B3-01","Mullidae","Parupeneus","barberinoides",1,1
"B3-01","Pomacentridae","Pomacentrus","milleri",14,1
"B3-01","Pomacentridae","Pomacentrus","moluccensis",4,1
"B3-01","Scaridae","Scarus","rivulatus",2,1
"B3-01","Scaridae","Scaridae","spp",3,1
"B3-01","Nemipteridae","Scolopsis","bilineata",2,1
"B3-01","Siganidae","Siganus","doliatus",2,1
"B3-02","Pomacentridae","Pomacentrus","milleri",1,2
"B3-02","Scaridae","Scarus","schlegeli",1,2
"B3-02","Labridae","Hemigymnus","melapterus",1,2
"B3-02","Pomacentridae","Pomacentrus","milleri",1,2
"B3-02","Scaridae","Chlorurus","sordidus",1,2
"B3-02","Labridae","Hemigymnus","melapterus",1,2
"B3-02","Labridae","Thalassoma","lutescens",1,2
"B3-02","Scaridae","Chlorurus","sordidus",1,2
"B3-02","Labridae","Hemigymnus","melapterus",1,2
"B3-02","Pomacentridae","Pomacentrus","milleri",1,2
"B3-02","Pomacentridae","Pomacentrus","milleri",1,2
"B3-02","Scaridae","Scaridae","spp",1,2
"B3-02","Blenniidae","Meiacanthus","grammistes",1,2
"B3-02","Scaridae","Scaridae","spp",1,2
"B3-02","Scaridae","Scaridae","spp",1,2
"B3-02","Scaridae","Scaridae","spp",1,2
"B3-02","Serranidae","Epinephelus","fasciatus",1,2
"B3-02","Labridae","Choerodon","schoenleinii",1,2
"B3-02","Scaridae","Chlorurus","sordidus",7,2
"B3-02","Pomacentridae","Neoglyphidodon","nigroris",2,2
"B3-02","Pomacentridae","Pomacentrus","coelestis",2,2
"B3-02","Pomacentridae","Pomacentrus","milleri",24,2
"B3-02","Scaridae","Scaridae","spp",16,2
"B3-02","Scaridae","Scarus","rivulatus",1,2
"B3-02","Labridae","Thalassoma","lutescens",1,2
"B3-03","Labridae","Halichoeres","nebulosus",1,3
"B3-03","Labridae","Choerodon","schoenleinii",1,3
"B3-03","Pomacentridae","Pomacentrus","coelestis",1,3
"B3-03","Labridae","Choerodon","schoenleinii",1,3
"B3-03","Labridae","Choerodon","schoenleinii",1,3
"B3-03","Labridae","Choerodon","spp",1,3
"B3-03","Pomacentridae","Pomacentrus","coelestis",1,3
"B3-03","Pomacentridae","Pomacentrus","coelestis",1,3
"B3-03","Labridae","Thalassoma","lutescens",1,3
"B3-03","Pomacentridae","Pomacentrus","milleri",1,3
"B3-03","Pomacentridae","Pomacentrus","coelestis",1,3
"B3-03","Serranidae","Plectropomus","spp",1,3
"B3-03","Pomacentridae","Pomacentrus","coelestis",8,3
"B3-03","Pomacentridae","Pomacentrus","milleri",2,3
"B3-03","Labridae","Thalassoma","lutescens",1,3
"B3-04","Pomacentridae","Pomacentrus","milleri",1,4
"B3-04","Acanthuridae","Ctenochaetus","striatus",1,4
"B3-04","Pomacentridae","Abudefduf","bengalensis",1,4
"B3-04","Acanthuridae","Ctenochaetus","striatus",1,4
"B3-04","Pomacentridae","Abudefduf","sexfasciatus",1,4
"B3-04","Labridae","Thalassoma","lunare",1,4
"B3-04","Pomacentridae","Abudefduf","sexfasciatus",1,4
"B3-04","Pomacentridae","Abudefduf","sexfasciatus",1,4
"B3-04","Pomacentridae","Pomacentrus","milleri",1,4
"B3-04","Pomacentridae","Pomacentrus","milleri",1,4
"B3-04","Pomacentridae","Pomacentrus","milleri",1,4
"B3-04","Labridae","Choerodon","schoenleinii",1,4
"B3-04","Labridae","Choerodon","schoenleinii",1,4
"B3-04","Labridae","Thalassoma","lunare",1,4
"B3-04","Labridae","Choerodon","schoenleinii",1,4
"B3-04","Labridae","Thalassoma","hardwicke",1,4
"B3-04","Labridae","Thalassoma","lunare",1,4
"B3-04","Labridae","Choerodon","cyanodus",1,4
"B3-04","Pomacentridae","Abudefduf","sexfasciatus",12,4
"B3-04","Acanthuridae","Acanthurus","triostegus",2,4
"B3-04","Labridae","Choerodon","spp",1,4
"B3-04","Acanthuridae","Ctenochaetus","striatus",2,4
"B3-04","Pomacentridae","Pomacentrus","milleri",4,4
"B3-04","Scaridae","Scaridae","spp",10,4
"B3-04","Labridae","Thalassoma","lunare",1,4
"B3-05","Pomacentridae","Abudefduf","bengalensis",1,5
"B3-05","Pomacentridae","Abudefduf","bengalensis",1,5
"B3-05","Pomacentridae","Abudefduf","bengalensis",1,5
"B3-05","Pomacentridae","Abudefduf","bengalensis",1,5
"B3-05","Acanthuridae","Acanthurus","grammoptilus",1,5
"B3-05","Acanthuridae","Ctenochaetus","striatus",1,5
"B3-05","Acanthuridae","Ctenochaetus","striatus",1,5
"B3-05","Acanthuridae","Ctenochaetus","striatus",1,5
"B3-05","Acanthuridae","Ctenochaetus","striatus",1,5
"B3-05","Acanthuridae","Acanthurus","grammoptilus",1,5
"B3-05","Pomacentridae","Abudefduf","bengalensis",1,5
"B3-05","Pomacentridae","Abudefduf","bengalensis",1,5
"B3-05","Pomacentridae","Abudefduf","bengalensis",1,5
"B3-05","Acanthuridae","Acanthurus","grammoptilus",1,5
"B3-05","Acanthuridae","Acanthurus","grammoptilus",1,5
"B3-05","Acanthuridae","Acanthurus","triostegus",1,5
"B3-05","Scaridae","Chlorurus","sordidus",1,5
"B3-05","Acanthuridae","Acanthurus","triostegus",1,5
"B3-05","Acanthuridae","Acanthurus","triostegus",1,5
"B3-05","Pomacentridae","Abudefduf","sexfasciatus",1,5
"B3-05","Pomacentridae","Abudefduf","sexfasciatus",1,5
"B3-05","Pomacentridae","Abudefduf","sexfasciatus",1,5
"B3-05","Pomacentridae","Abudefduf","sexfasciatus",1,5
"B3-05","Pomacentridae","Abudefduf","sexfasciatus",1,5
"B3-05","Pomacentridae","Abudefduf","sexfasciatus",1,5
"B3-05","Scaridae","Scarus","rivulatus",1,5
"B3-05","Scaridae","Scarus","rivulatus",1,5
"B3-05","Scaridae","Chlorurus","sordidus",1,5
"B3-05","Scaridae","Chlorurus","sordidus",1,5
"B3-05","Labridae","Thalassoma","lunare",1,5
"B3-05","Scaridae","Chlorurus","sordidus",1,5
"B3-05","Scaridae","Scarus","rivulatus",1,5
"B3-05","Acanthuridae","Acanthurus","grammoptilus",1,5
"B3-05","Pomacentridae","Abudefduf","sexfasciatus",1,5
"B3-05","Pomacentridae","Abudefduf","bengalensis",1,5
"B3-05","Pomacentridae","Abudefduf","bengalensis",1,5
"B3-05","Labridae","Thalassoma","lunare",1,5
"B3-05","Labridae","Thalassoma","lunare",1,5
"B3-05","Scaridae","Scarus","rivulatus",1,5
"B3-05","Labridae","Thalassoma","lunare",1,5
"B3-05","Pomacentridae","Abudefduf","sexfasciatus",1,5
"B3-05","Pomacentridae","Abudefduf","sexfasciatus",1,5
"B3-05","Pomacentridae","Abudefduf","sexfasciatus",1,5
"B3-05","Scaridae","Chlorurus","sordidus",1,5
"B3-05","Scaridae","Chlorurus","sordidus",1,5
"B3-05","Labridae","Thalassoma","hardwicke",1,5
"B3-05","Labridae","Thalassoma","lunare",1,5
"B3-05","Acanthuridae","Ctenochaetus","striatus",1,5
"B3-05","Scaridae","Chlorurus","sordidus",1,5
"B3-05","Labridae","Choerodon","cyanodus",1,5
"B3-05","Pomacentridae","Abudefduf","bengalensis",51,5
"B3-05","Pomacentridae","Abudefduf","sexfasciatus",120,5
"B3-05","Acanthuridae","Acanthurus","grammoptilus",4,5
"B3-05","Scaridae","Chlorurus","sordidus",8,5
"B3-05","Labridae","Labroides","dimidiatus",1,5
"B3-05","Serranidae","Plectropomus","spp",1,5
"B3-05","Pomacentridae","Pomacentrus","milleri",5,5
"B3-05","Scaridae","Scarus","rivulatus",5,5
"B3-06","Acanthuridae","Acanthurus","triostegus",1,6
"B3-06","Acanthuridae","Acanthurus","grammoptilus",1,6
"B3-06","Acanthuridae","Acanthurus","grammoptilus",1,6
"B3-06","Acanthuridae","Acanthurus","grammoptilus",1,6
"B3-06","Acanthuridae","Acanthurus","grammoptilus",1,6
"B3-06","Acanthuridae","Acanthurus","grammoptilus",1,6
"B3-06","Acanthuridae","Acanthurus","triostegus",1,6
"B3-06","Acanthuridae","Acanthurus","grammoptilus",1,6
"B3-06","Acanthuridae","Acanthurus","grammoptilus",1,6
"B3-06","Acanthuridae","Acanthurus","grammoptilus",1,6
"B3-06","Acanthuridae","Acanthurus","grammoptilus",1,6
"B3-06","Labridae","Thalassoma","lunare",1,6
"B3-06","Labridae","Thalassoma","lunare",1,6
"B3-06","Pomacentridae","Pomacentrus","milleri",1,6
"B3-06","Acanthuridae","Acanthurus","grammoptilus",1,6
"B3-06","Acanthuridae","Acanthurus","grammoptilus",1,6
"B3-06","Acanthuridae","Acanthurus","grammoptilus",1,6
"B3-06","Acanthuridae","Acanthurus","grammoptilus",1,6
"B3-06","Acanthuridae","Acanthurus","grammoptilus",1,6
"B3-06","Acanthuridae","Acanthurus","grammoptilus",1,6
"B3-06","Acanthuridae","Acanthurus","grammoptilus",1,6
"B3-06","Acanthuridae","Acanthurus","grammoptilus",1,6
"B3-06","Acanthuridae","Acanthurus","grammoptilus",1,6
"B3-06","Acanthuridae","Acanthurus","grammoptilus",1,6
"B3-06","Acanthuridae","Acanthurus","grammoptilus",1,6
"B3-06","Acanthuridae","Ctenochaetus","striatus",1,6
"B3-06","Acanthuridae","Ctenochaetus","striatus",1,6
"B3-06","Labridae","Thalassoma","lunare",1,6
"B3-06","Labridae","Thalassoma","lunare",1,6
"B3-06","Labridae","Thalassoma","lunare",1,6
"B3-06","Labridae","Thalassoma","lunare",1,6
"B3-06","Labridae","Thalassoma","lunare",1,6
"B3-06","Labridae","Thalassoma","lunare",1,6
"B3-06","Labridae","Thalassoma","lunare",1,6
"B3-06","Labridae","Thalassoma","lunare",1,6
"B3-06","Labridae","Thalassoma","lunare",1,6
"B3-06","Labridae","Thalassoma","lunare",1,6
"B3-06","Labridae","Choerodon","schoenleinii",1,6
"B3-06","Pomacentridae","Abudefduf","bengalensis",1,6
"B3-06","Pomacentridae","Abudefduf","vaigiensis",1,6
"B3-06","Acanthuridae","Acanthurus","grammoptilus",19,6
"B3-06","Acanthuridae","Acanthurus","triostegus",1,6
"B3-06","Labridae","Hemigymnus","melapterus",1,6
"B3-06","Pomacentridae","Pomacentrus","milleri",1,6
"B3-06","Pomacentridae","Pomacentrus","milleri",5,6
"B3-06","Labridae","Thalassoma","lunare",3,6
"B4-01","Acanthuridae","Acanthurus","triostegus",1,1
"B4-01","Acanthuridae","Acanthurus","triostegus",1,1
"B4-01","Lutjanidae","Lutjanus","carponotatus",1,1
"B4-01","Pomacentridae","Abudefduf","bengalensis",1,1
"B4-01","Labridae","Thalassoma","lunare",1,1
"B4-01","Labridae","Thalassoma","lunare",1,1
"B4-01","Acanthuridae","Ctenochaetus","striatus",1,1
"B4-01","Acanthuridae","Ctenochaetus","striatus",1,1
"B4-01","Pomacentridae","Pomacentrus","coelestis",1,1
"B4-01","Pomacentridae","Pomacentrus","coelestis",1,1
"B4-01","Pomacentridae","Pomacentrus","coelestis",1,1
"B4-01","Pomacentridae","Pomacentrus","coelestis",1,1
"B4-01","Pomacentridae","Pomacentrus","coelestis",1,1
"B4-01","Acanthuridae","Ctenochaetus","striatus",1,1
"B4-01","Scaridae","Scarus","rivulatus",1,1
"B4-01","Pomacentridae","Abudefduf","bengalensis",1,1
"B4-01","Pomacentridae","Abudefduf","bengalensis",1,1
"B4-01","Scaridae","Chlorurus","sordidus",1,1
"B4-01","Acanthuridae","Ctenochaetus","striatus",1,1
"B4-01","Acanthuridae","Ctenochaetus","striatus",1,1
"B4-01","Acanthuridae","Ctenochaetus","striatus",1,1
"B4-01","Scaridae","Chlorurus","sordidus",1,1
"B4-01","Scaridae","Chlorurus","sordidus",1,1
"B4-01","Acanthuridae","Ctenochaetus","striatus",1,1
"B4-01","Acanthuridae","Acanthurus","triostegus",1,1
"B4-01","Acanthuridae","Ctenochaetus","striatus",1,1
"B4-01","Scaridae","Chlorurus","sordidus",1,1
"B4-01","Acanthuridae","Ctenochaetus","striatus",1,1
"B4-01","Scaridae","Chlorurus","sordidus",1,1
"B4-01","Labridae","Thalassoma","lunare",1,1
"B4-01","Scaridae","Chlorurus","sordidus",1,1
"B4-01","Labridae","Choerodon","spp",1,1
"B4-01","Scaridae","Chlorurus","sordidus",1,1
"B4-01","Scaridae","Scarus","rivulatus",1,1
"B4-01","Acanthuridae","Ctenochaetus","striatus",1,1
"B4-01","Acanthuridae","Ctenochaetus","striatus",1,1
"B4-01","Scaridae","Chlorurus","sordidus",1,1
"B4-01","Acanthuridae","Ctenochaetus","striatus",1,1
"B4-01","Acanthuridae","Ctenochaetus","striatus",1,1
"B4-01","Scaridae","Chlorurus","sordidus",1,1
"B4-01","Acanthuridae","Ctenochaetus","striatus",1,1
"B4-01","Chaetodontidae","Chaetodon","trifascialis",1,1
"B4-01","Acanthuridae","Ctenochaetus","striatus",1,1
"B4-01","Acanthuridae","Ctenochaetus","striatus",1,1
"B4-01","Acanthuridae","Ctenochaetus","striatus",1,1
"B4-01","Acanthuridae","Ctenochaetus","striatus",1,1
"B4-01","Acanthuridae","Ctenochaetus","striatus",1,1
"B4-01","Acanthuridae","Ctenochaetus","striatus",1,1
"B4-01","Scaridae","Chlorurus","sordidus",1,1
"B4-01","Acanthuridae","Ctenochaetus","striatus",1,1
"B4-01","Acanthuridae","Ctenochaetus","striatus",1,1
"B4-01","Scaridae","Chlorurus","sordidus",1,1
"B4-01","Acanthuridae","Acanthurus","triostegus",1,1
"B4-01","Scaridae","Chlorurus","sordidus",1,1
"B4-01","Scaridae","Scarus","rivulatus",1,1
"B4-01","Scaridae","Scarus","rivulatus",1,1
"B4-01","Scaridae","Scarus","rivulatus",1,1
"B4-01","Scaridae","Scarus","rivulatus",1,1
"B4-01","Pomacentridae","Abudefduf","bengalensis",5,1
"B4-01","Scaridae","Chlorurus","sordidus",10,1
"B4-01","Acanthuridae","Ctenochaetus","striatus",19,1
"B4-01","Pomacentridae","Pomacentrus","coelestis",29,1
"B4-01","Scaridae","Scaridae","spp",2,1
"B4-01","Scaridae","Scarus","rivulatus",4,1
"B4-01","Siganidae","Siganus","doliatus",1,1
"B4-01","Labridae","Thalassoma","lunare",2,1
"B4-02","Labridae","Thalassoma","lunare",1,2
"B4-02","Labridae","Thalassoma","lunare",1,2
"B4-02","Labridae","Thalassoma","lunare",1,2
"B4-02","Labridae","Thalassoma","lunare",1,2
"B4-02","Labridae","Thalassoma","lunare",1,2
"B4-02","Labridae","Thalassoma","lunare",1,2
"B4-02","Labridae","Thalassoma","lunare",1,2
"B4-02","Labridae","Thalassoma","lunare",1,2
"B4-02","Pomacentridae","Pomacentrus","coelestis",6,2
"B4-02","Labridae","Thalassoma","hardwicke",2,2
"B4-02","Labridae","Thalassoma","lunare",2,2
"B4-03","Labridae","Thalassoma","lunare",1,3
"B4-03","Labridae","Halichoeres","nebulosus",1,3
"B4-03","Pomacentridae","Abudefduf","bengalensis",1,3
"B4-03","Scaridae","Chlorurus","sordidus",1,3
"B4-03","Scaridae","Chlorurus","sordidus",1,3
"B4-03","Scaridae","Chlorurus","sordidus",1,3
"B4-03","Scaridae","Chlorurus","sordidus",1,3
"B4-03","Labridae","Gomphosus","varius",1,3
"B4-03","Labridae","Gomphosus","varius",1,3
"B4-03","Acanthuridae","Acanthurus","triostegus",1,3
"B4-03","Labridae","Thalassoma","lunare",1,3
"B4-03","Pomacentridae","Pomacentrus","coelestis",1,3
"B4-03","Labridae","Thalassoma","lunare",1,3
"B4-03","Pomacentridae","Abudefduf","bengalensis",1,3
"B4-03","Scaridae","Chlorurus","sordidus",6,3
"B4-03","Acanthuridae","Ctenochaetus","striatus",1,3
"B4-03","Labridae","Halichoeres","nebulosus",1,3
"B4-03","Pomacentridae","Pomacentrus","coelestis",4,3
"B4-03","Pomacentridae","Stegastes","spp",1,3
"B4-03","Labridae","Thalassoma","hardwicke",1,3
"B4-03","Labridae","Thalassoma","lunare",1,3
"B4-04","Scaridae","Chlorurus","sordidus",1,4
"B4-04","Scaridae","Chlorurus","sordidus",1,4
"B4-04","Scaridae","Chlorurus","sordidus",1,4
"B4-04","Scaridae","Chlorurus","sordidus",1,4
"B4-04","Labridae","Hemigymnus","fasciatus",1,4
"B4-04","Scaridae","Chlorurus","sordidus",1,4
"B4-04","Scaridae","Chlorurus","sordidus",1,4
"B4-04","Scaridae","Chlorurus","sordidus",1,4
"B4-04","Labridae","Gomphosus","varius",1,4
"B4-04","Scaridae","Chlorurus","sordidus",1,4
"B4-04","Scaridae","Chlorurus","sordidus",1,4
"B4-04","Scaridae","Chlorurus","sordidus",1,4
"B4-04","Scaridae","Chlorurus","sordidus",1,4
"B4-04","Scaridae","Scarus","rivulatus",1,4
"B4-04","Scaridae","Chlorurus","sordidus",1,4
"B4-04","Scaridae","Scarus","rivulatus",1,4
"B4-04","Labridae","Thalassoma","lunare",1,4
"B4-04","Labridae","Thalassoma","lunare",1,4
"B4-04","Labridae","Thalassoma","lunare",1,4
"B4-04","Labridae","Thalassoma","hardwicke",1,4
"B4-04","Labridae","Thalassoma","hardwicke",1,4
"B4-04","Labridae","Gomphosus","varius",1,4
"B4-04","Pomacentridae","Abudefduf","bengalensis",3,4
"B4-04","Acanthuridae","Acanthurus","triostegus",26,4
"B4-04","Scaridae","Chlorurus","sordidus",34,4
"B4-04","Labridae","Choerodon","cyanodus",1,4
"B4-04","Labridae","Gomphosus","varius",2,4
"B4-04","Labridae","Hemigymnus","fasciatus",1,4
"B4-04","Scaridae","Scaridae","spp",21,4
"B4-04","Scaridae","Scarus","rivulatus",19,4
"B4-04","Pomacentridae","Stegastes","spp",1,4
"B4-04","Labridae","Thalassoma","lunare",3,4
"B4-05","Pomacentridae","Abudefduf","bengalensis",1,5
"B4-05","Siganidae","Siganus","fuscescens",1,5
"B4-05","Scaridae","Scarus","rivulatus",1,5
"B4-05","Scaridae","Chlorurus","sordidus",1,5
"B4-05","Scaridae","Chlorurus","sordidus",1,5
"B4-05","Scaridae","Chlorurus","sordidus",1,5
"B4-05","Labridae","Choerodon","cyanodus",1,5
"B4-05","Labridae","Thalassoma","lunare",1,5
"B4-05","Labridae","Thalassoma","hardwicke",1,5
"B4-05","Labridae","Gomphosus","varius",1,5
"B4-05","Acanthuridae","Acanthurus","triostegus",1,5
"B4-05","Labridae","Thalassoma","lunare",1,5
"B4-05","Labridae","Thalassoma","lunare",1,5
"B4-05","Labridae","Choerodon","cyanodus",1,5
"B4-05","Scaridae","Chlorurus","sordidus",1,5
"B4-05","Scaridae","Chlorurus","sordidus",1,5
"B4-05","Scaridae","Chlorurus","sordidus",1,5
"B4-05","Labridae","Thalassoma","lunare",1,5
"B4-05","Labridae","Thalassoma","lunare",1,5
"B4-05","Scaridae","Chlorurus","sordidus",1,5
"B4-05","Scaridae","Chlorurus","sordidus",1,5
"B4-05","Labridae","Thalassoma","lunare",1,5
"B4-05","Labridae","Thalassoma","lunare",1,5
"B4-05","Scaridae","Scarus","rivulatus",1,5
"B4-05","Pomacentridae","Abudefduf","sexfasciatus",1,5
"B4-05","Scaridae","Scarus","rivulatus",1,5
"B4-05","Scaridae","Scarus","rivulatus",1,5
"B4-05","Pomacentridae","Abudefduf","sexfasciatus",1,5
"B4-05","Pomacentridae","Abudefduf","sexfasciatus",1,5
"B4-05","Labridae","Thalassoma","lunare",1,5
"B4-05","Pomacentridae","Abudefduf","sexfasciatus",1,5
"B4-05","Scaridae","Chlorurus","sordidus",1,5
"B4-05","Labridae","Hemigymnus","melapterus",1,5
"B4-05","Acanthuridae","Acanthurus","grammoptilus",1,5
"B4-05","Pomacanthidae","Pomacanthus","sexstriatus",1,5
"B4-05","Labridae","Thalassoma","lunare",1,5
"B4-05","Scaridae","Chlorurus","sordidus",1,5
"B4-05","Pomacentridae","Pomacentrus","moluccensis",1,5
"B4-05","Pomacentridae","Abudefduf","bengalensis",7,5
"B4-05","Pomacentridae","Abudefduf","sexfasciatus",46,5
"B4-05","Acanthuridae","Acanthurus","triostegus",29,5
"B4-05","Scaridae","Chlorurus","sordidus",22,5
"B4-05","Labridae","Gomphosus","varius",1,5
"B4-05","Labridae","Hemigymnus","melapterus",1,5
"B4-05","Pomacentridae","Pomacentrus","moluccensis",1,5
"B4-05","Scaridae","Scaridae","spp",50,5
"B4-05","Scaridae","Scarus","rivulatus",52,5
"B4-05","Siganidae","Siganus","fuscescens",32,5
"B4-05","Labridae","Thalassoma","hardwicke",1,5
"B4-05","Labridae","Thalassoma","lunare",3,5
"B4-06","Mullidae","Parupeneus","barberinoides",1,6
"B4-06","Scaridae","Scarus","rivulatus",1,6
"B4-06","Mullidae","Parupeneus","barberinoides",1,6
"B4-06","Labridae","Thalassoma","hardwicke",1,6
"B4-06","Pomacentridae","Pomacentrus","moluccensis",1,6
"B4-06","Pomacentridae","Pomacentrus","moluccensis",1,6
"B4-06","Labridae","Thalassoma","lunare",1,6
"B4-06","Pomacentridae","Abudefduf","sexfasciatus",1,6
"B4-06","Pomacentridae","Abudefduf","sexfasciatus",1,6
"B4-06","Labridae","Cheilinus","trilobatus",1,6
"B4-06","Pomacentridae","Abudefduf","sexfasciatus",1,6
"B4-06","Pomacentridae","Pomacentrus","moluccensis",1,6
"B4-06","Pomacentridae","Abudefduf","sexfasciatus",1,6
"B4-06","Pomacentridae","Abudefduf","sexfasciatus",1,6
"B4-06","Pomacentridae","Abudefduf","sexfasciatus",1,6
"B4-06","Labridae","Gomphosus","varius",1,6
"B4-06","Pomacentridae","Pomacentrus","moluccensis",1,6
"B4-06","Pomacentridae","Abudefduf","sexfasciatus",1,6
"B4-06","Pomacentridae","Abudefduf","sexfasciatus",1,6
"B4-06","Pomacentridae","Abudefduf","sexfasciatus",1,6
"B4-06","Labridae","Thalassoma","lunare",1,6
"B4-06","Scaridae","Chlorurus","sordidus",1,6
"B4-06","Scaridae","Scarus","rivulatus",1,6
"B4-06","Pomacentridae","Abudefduf","sexfasciatus",1,6
"B4-06","Pomacentridae","Abudefduf","sexfasciatus",1,6
"B4-06","Pomacentridae","Abudefduf","sexfasciatus",1,6
"B4-06","Pomacentridae","Abudefduf","sexfasciatus",1,6
"B4-06","Pomacentridae","Abudefduf","sexfasciatus",1,6
"B4-06","Scaridae","Chlorurus","sordidus",1,6
"B4-06","Scaridae","Chlorurus","sordidus",1,6
"B4-06","Labridae","Thalassoma","hardwicke",1,6
"B4-06","Pomacentridae","Abudefduf","bengalensis",1,6
"B4-06","Scaridae","Chlorurus","sordidus",1,6
"B4-06","Labridae","Thalassoma","lunare",1,6
"B4-06","Labridae","Cheilinus","trilobatus",1,6
"B4-06","Scaridae","Scarus","rivulatus",1,6
"B4-06","Scaridae","Chlorurus","sordidus",1,6
"B4-06","Scaridae","Chlorurus","sordidus",1,6
"B4-06","Pomacentridae","Pomacentrus","moluccensis",1,6
"B4-06","Labridae","Thalassoma","hardwicke",1,6
"B4-06","Labridae","Thalassoma","hardwicke",1,6
"B4-06","Pomacentridae","Abudefduf","bengalensis",3,6
"B4-06","Pomacentridae","Abudefduf","sexfasciatus",18,6
"B4-06","Acanthuridae","Acanthurus","grammoptilus",1,6
"B4-06","Labridae","Cheilinus","chlorourus",1,6
"B4-06","Scaridae","Chlorurus","sordidus",3,6
"B4-06","Pomacentridae","Chromis","atripectoralis",110,6
"B4-06","Pomacentridae","Neoglyphidodon","nigroris",1,6
"B4-06","Mullidae","Parupeneus","barberinoides",1,6
"B4-06","Pomacentridae","Pomacentrus","milleri",3,6
"B4-06","Pomacentridae","Pomacentrus","moluccensis",17,6
"B4-06","Scaridae","Scaridae","spp",12,6
"B4-06","Scaridae","Scarus","rivulatus",7,6
"B4-06","Nemipteridae","Scolopsis","bilineata",1,6
"B4-06","Pomacentridae","Stegastes","spp",1,6
"B4-06","Labridae","Thalassoma","lunare",2,6
"L2-01","Pomacentridae","Abudefduf","bengalensis",1,1
"L2-01","Acanthuridae","Acanthuridae","spp",1,1
"L2-01","Acanthuridae","Acanthurus","olivaceus",1,1
"L2-01","Labridae","Choerodon","schoenleinii",1,1
"L2-01","Acanthuridae","Ctenochaetus","striatus",4,1
"L2-01","Pomacentridae","Dascyllus","trimaculatus",11,1
"L2-01","Labridae","Labroides","bicolor",3,1
"L2-01","Lutjanidae","Lutjanus","bohar",1,1
"L2-01","Pomacentridae","Neopomacentrus","cyanomos",58,1
"L2-01","Pomacentridae","Pomacentrus","coelestis",10,1
"L2-01","Pomacentridae","Pomacentrus","limosus",4,1
"L2-01","Serranidae","Pseudanthias","cooperi",8,1
"L2-01","Caesionidae","Pterocaesio","digramma",1,1
"L2-01","Scaridae","Scarus","rivulatus",2,1
"L2-01","Siganidae","Siganus","doliatus",1,1
"L2-01","Pomacentridae","Stegastes","spp",1,1
"L2-01","Balistidae","Sufflamen","chrysopterum",1,1
"L2-01","Labridae","Thalassoma","lunare",2,1
"L2-01","Labridae","Thalassoma","lunare",15,1
"L2-01","Labridae","Thalassoma","lutescens",5,1
"L2-02","Pomacentridae","Abudefduf","bengalensis",1,2
"L2-02","Acanthuridae","Acanthurus","spp",3,2
"L2-02","Apogonidae","Ostorhinchus","aureus",12,2
"L2-02","Caesionidae","Caesio","spp",41,2
"L2-02","Scaridae","Chlorurus","sordidus",1,2
"L2-02","Acanthuridae","Ctenochaetus","striatus",3,2
"L2-02","Pomacentridae","Dascyllus","reticulatus",1,2
"L2-02","Pomacentridae","Dascyllus","trimaculatus",4,2
"L2-02","Serranidae","Epinephelus","fasciatus",1,2
"L2-02","Labridae","Hemigymnus","fasciatus",1,2
"L2-02","Labridae","Labroides","dimidiatus",3,2
"L2-02","Lutjanidae","Lutjanus","bohar",1,2
"L2-02","Lutjanidae","Lutjanus","quinquelineatus",2,2
"L2-02","Lutjanidae","Lutjanus","spp",1,2
"L2-02","Pomacentridae","Neopomacentrus","cyanomos",76,2
"L2-02","Pempherididae","Pempheris","spp",94,2
"L2-02","Pomacentridae","Pomacentrus","coelestis",4,2
"L2-02","Pomacentridae","Pomacentrus","limosus",6,2
"L2-02","Serranidae","Pseudanthias","cooperi",5,2
"L2-02","Caesionidae","Pterocaesio","digramma",15,2
"L2-02","Scaridae","Scaridae","spp",1,2
"L2-02","Scaridae","Scarus","rivulatus",1,2
"L2-02","Pomacentridae","Stegastes","obreptus",1,2
"L2-02","Pomacentridae","Stegastes","spp",3,2
"L2-02","Labridae","Thalassoma","lunare",7,2
"L2-02","Labridae","Thalassoma","lutescens",1,2
"L2-02","Labridae","Thalassoma","spp",1,2
"L2-03","Pomacentridae","Abudefduf","bengalensis",1,3
"L2-03","Acanthuridae","Acanthurus","grammoptilus",1,3
"L2-03","Blenniidae","Aspidontus","taeniatus",1,3
"L2-03","Caesionidae","Caesio","spp",10,3
"L2-03","Pomacanthidae","Centropyge","tibicen",1,3
"L2-03","Labridae","Cheilinus","spp",1,3
"L2-03","Pomacentridae","Chromis","margaritifer",1,3
"L2-03","Labridae","Coris","aygula",1,3
"L2-03","Acanthuridae","Ctenochaetus","striatus",2,3
"L2-03","Pomacentridae","Dascyllus","reticulatus",20,3
"L2-03","Pomacentridae","Dascyllus","trimaculatus",5,3
"L2-03","Serranidae","Epinephelus","fasciatus",2,3
"L2-03","Serranidae","Epinephelus","spp",1,3
"L2-03","Glaucosomatidae","Glaucosoma","magnificum",1,3
"L2-03","Labridae","Labroides","dimidiatus",5,3
"L2-03","Lutjanidae","Lutjanus","quinquelineatus",2,3
"L2-03","Lutjanidae","Lutjanus","russellii",20,3
"L2-03","Lutjanidae","Lutjanus","vitta",9,3
"L2-03","Acanthuridae","Naso","unicornis",1,3
"L2-03","Pomacentridae","Neopomacentrus","cyanomos",8,3
"L2-03","Mullidae","Parupeneus","spilurus",1,3
"L2-03","Pempherididae","Pempheris","spp",15,3
"L2-03","Haemulidae","Plectorhinchus","multivittatus",1,3
"L2-03","Pomacentridae","Pomacentrus","coelestis",17,3
"L2-03","Pomacentridae","Pomacentrus","limosus",10,3
"L2-03","Priacanthidae","Priacanthus","blochii",2,3
"L2-03","Scaridae","Scaridae","spp",1,3
"L2-03","Scaridae","Scarus","ghobban",1,3
"L2-03","Nemipteridae","Scolopsis","bilineata",1,3
"L2-03","Serranidae","Serranidae","spp",1,3
"L2-03","Pomacentridae","Stegastes","spp",2,3
"L2-03","Balistidae","Sufflamen","chrysopterum",1,3
"L2-03","Labridae","Thalassoma","lunare",1,3
"L2-03","Labridae","Thalassoma","lunare",7,3
"L2-03","Labridae","Thalassoma","lutescens",4,3
"L2-03","Zanclidae","Zanclus","cornutus",1,3
"L2-04","Pomacentridae","Abudefduf","bengalensis",3,4
"L2-04","Apogonidae","Ostorhinchus","aureus",9,4
"L2-04","Caesionidae","Caesio","caerulaurea",2,4
"L2-04","Caesionidae","Caesio","spp",10,4
"L2-04","Scaridae","Chlorurus","sordidus",2,4
"L2-04","Acanthuridae","Ctenochaetus","striatus",4,4
"L2-04","Pomacentridae","Dascyllus","reticulatus",23,4
"L2-04","Pomacentridae","Dascyllus","trimaculatus",2,4
"L2-04","Haemulidae","Diagramma","pictum labiosum",3,4
"L2-04","Serranidae","Epinephelus","fasciatus",2,4
"L2-04","Glaucosomatidae","Glaucosoma","magnificum",2,4
"L2-04","Chaetodontidae","Heniochus","acuminatus",1,4
"L2-04","Labridae","Labroides","dimidiatus",4,4
"L2-04","Lutjanidae","Lutjanus","bohar",1,4
"L2-04","Lutjanidae","Lutjanus","lutjanus",202,4
"L2-04","Lutjanidae","Lutjanus","quinquelineatus",49,4
"L2-04","Lutjanidae","Lutjanus","vitta",2,4
"L2-04","Pomacentridae","Neopomacentrus","cyanomos",13,4
"L2-04","Cirrhitidae","Paracirrhites","forsteri",1,4
"L2-04","Pempherididae","Pempheris","spp",160,4
"L2-04","Pomacentridae","Pomacentrus","coelestis",6,4
"L2-04","Pomacentridae","Pomacentrus","limosus",20,4
"L2-04","Priacanthidae","Priacanthus","blochii",3,4
"L2-04","Scaridae","Scarus","chameleon",1,4
"L2-04","Scaridae","Scarus","ghobban",2,4
"L2-04","Scaridae","Scaridae","spp",1,4
"L2-04","Pomacentridae","Stegastes","spp",2,4
"L2-04","Labridae","Thalassoma","lunare",15,4
"L2-04","Labridae","Thalassoma","lutescens",5,4
"L2-05","Pomacentridae","Abudefduf","bengalensis",1,5
"L2-05","Acanthuridae","Acanthurus","grammoptilus",2,5
"L2-05","Apogonidae","Ostorhinchus","aureus",2,5
"L2-05","Apogonidae","Apogonidae","spp",1,5
"L2-05","Blenniidae","Aspidontus","taeniatus",1,5
"L2-05","Carangidae","Carangoides","gymnostethus",25,5
"L2-05","Pomacanthidae","Centropyge","tibicen",1,5
"L2-05","Pomacentridae","Chromis","margaritifer",1,5
"L2-05","Acanthuridae","Ctenochaetus","striatus",3,5
"L2-05","Pomacentridae","Dascyllus","reticulatus",1,5
"L2-05","Pomacentridae","Dascyllus","trimaculatus",11,5
"L2-05","Labridae","Gomphosus","varius",1,5
"L2-05","Labridae","Labroides","dimidiatus",5,5
"L2-05","Lutjanidae","Lutjanus","carponotatus",1,5
"L2-05","Lutjanidae","Lutjanus","gibbus",1,5
"L2-05","Lutjanidae","Lutjanus","lutjanus",200,5
"L2-05","Lutjanidae","Lutjanus","vitta",1,5
"L2-05","Pomacentridae","Neopomacentrus","cyanomos",92,5
"L2-05","Cirrhitidae","Paracirrhites","forsteri",2,5
"L2-05","Mullidae","Parupeneus","pleurostigma",1,5
"L2-05","Pempherididae","Pempheris","spp",15,5
"L2-05","Pomacentridae","Pomacentrus","coelestis",9,5
"L2-05","Pomacentridae","Pomacentrus","limosus",6,5
"L2-05","Serranidae","Pseudanthias","cooperi",4,5
"L2-05","Caesionidae","Pterocaesio","digramma",1,5
"L2-05","Scaridae","Scarus","ghobban",1,5
"L2-05","Pomacentridae","Stegastes","spp",2,5
"L2-05","Labridae","Thalassoma","lunare",13,5
"L2-05","Lethrinidae","Lethrinus","nebulosus",1,5
"L2-06","Pomacentridae","Abudefduf","bengalensis",3,6
"L2-06","Acanthuridae","Acanthurus","grammoptilus",1,6
"L2-06","Acanthuridae","Acanthurus","spp",24,6
"L2-06","Labridae","Anampses","meleagrides",1,6
"L2-06","Apogonidae","Ostorhinchus","aureus",2,6
"L2-06","Pomacentridae","Chromis","margaritifer",1,6
"L2-06","Cirrhitidae","Cirrhitichthys","spp",1,6
"L2-06","Pomacentridae","Dascyllus","trimaculatus",17,6
"L2-06","Serranidae","Epinephelus","fasciatus",1,6
"L2-06","Glaucosomatidae","Glaucosoma","magnificum",2,6
"L2-06","Labridae","Hologymnosus","annulatus",2,6
"L2-06","Labridae","Labroides","dimidiatus",1,6
"L2-06","Lutjanidae","Lutjanus","lutjanus",205,6
"L2-06","Lutjanidae","Lutjanus","vitta",10,6
"L2-06","Pomacentridae","Neopomacentrus","cyanomos",142,6
"L2-06","Pomacentridae","Pomacentrus","coelestis",7,6
"L2-06","Pomacentridae","Pomacentrus","limosus",1,6
"L2-06","Serranidae","Pseudanthias","cooperi",1,6
"L2-06","Caesionidae","Pterocaesio","digramma",54,6
"L2-06","Scaridae","Scarus","ghobban",2,6
"L2-06","Pomacentridae","Stegastes","spp",12,6
"L2-06","Labridae","Thalassoma","lunare",4,6
"L2-06","Labridae","Thalassoma","lutescens",5,6
"MB1-01","Pomacentridae","Abudefduf","bengalensis",1,1
"MB1-01","Acanthuridae","Acanthurus","grammoptilus",2,1
"MB1-01","Acanthuridae","Acanthurus","triostegus",2,1
"MB1-01","Scaridae","Chlorurus","sordidus",3,1
"MB1-01","Pomacentridae","Chromis","atripectoralis",10,1
"MB1-01","Labridae","Coris","aygula",1,1
"MB1-01","Pomacentridae","Dascyllus","aruanus",29,1
"MB1-01","Pomacentridae","Dischistodus","prosopotaenia",11,1
"MB1-01","Acanthuridae","Naso","spp",1,1
"MB1-01","Pomacentridae","Neoglyphidodon","melas",1,1
"MB1-01","Pomacentridae","Neoglyphidodon","melas",1,1
"MB1-01","Mullidae","Parupeneus","barberinoides",2,1
"MB1-01","Pomacentridae","Pomacentrus","moluccensis",4,1
"MB1-01","Scaridae","Scaridae","spp",2,1
"MB1-01","Scaridae","Scarus","rivulatus",2,1
"MB1-01","Nemipteridae","Scolopsis","bilineata",1,1
"MB1-01","Nemipteridae","Scolopsis","bilineata",1,1
"MB1-01","Pomacentridae","Stegastes","spp",5,1
"MB1-01","Labridae","Thalassoma","lunare",1,1
"MB1-02","Acanthuridae","Acanthurus","triostegus",3,2
"MB1-02","Scaridae","Chlorurus","sordidus",5,2
"MB1-02","Pomacentridae","Dascyllus","aruanus",7,2
"MB1-02","Pomacentridae","Dischistodus","prosopotaenia",1,2
"MB1-02","Pomacentridae","Dischistodus","prosopotaenia",2,2
"MB1-02","Pomacentridae","Neoglyphidodon","melas",1,2
"MB1-02","Pomacentridae","Neoglyphidodon","melas",4,2
"MB1-02","Pomacentridae","Pomacentrus","moluccensis",6,2
"MB1-02","Scaridae","Scaridae","spp",1,2
"MB1-02","Nemipteridae","Scolopsis","bilineata",2,2
"MB1-02","Pomacentridae","Stegastes","spp",2,2
"MB1-03","Pomacentridae","Abudefduf","sexfasciatus",2,3
"MB1-03","Acanthuridae","Acanthurus","triostegus",3,3
"MB1-03","Labridae","Cheilinus","spp",1,3
"MB1-03","Scaridae","Chlorurus","sordidus",2,3
"MB1-03","Pomacentridae","Dascyllus","aruanus",11,3
"MB1-03","Pomacentridae","Dischistodus","prosopotaenia",1,3
"MB1-03","Acanthuridae","Naso","spp",1,3
"MB1-03","Pomacentridae","Neoglyphidodon","melas",2,3
"MB1-03","Mullidae","Parupeneus","barberinoides",2,3
"MB1-03","Pomacentridae","Pomacentrus","coelestis",2,3
"MB1-03","Pomacentridae","Pomacentrus","moluccensis",4,3
"MB1-03","Scaridae","Scaridae","spp",12,3
"MB1-03","Pomacentridae","Stegastes","spp",3,3
"MB1-03","Labridae","Thalassoma","lunare",4,3
"MB1-04","Acanthuridae","Acanthurus","triostegus",1,4
"MB1-04","Scaridae","Chlorurus","sordidus",1,4
"MB1-04","Pomacentridae","Dascyllus","aruanus",15,4
"MB1-04","Pomacentridae","Dascyllus","reticulatus",4,4
"MB1-04","Pomacentridae","Dischistodus","prosopotaenia",1,4
"MB1-04","Pomacentridae","Dischistodus","prosopotaenia",1,4
"MB1-04","Serranidae","Epinephelus","bilobatus",1,4
"MB1-04","Labridae","Hemigymnus","melapterus",1,4
"MB1-04","Pomacentridae","Neoglyphidodon","melas",1,4
"MB1-04","Mullidae","Parupeneus","barberinoides",3,4
"MB1-04","Pomacentridae","Pomacentrus","moluccensis",6,4
"MB1-04","Scaridae","Scaridae","spp",1,4
"MB1-04","Nemipteridae","Scolopsis","bilineata",1,4
"MB1-04","Nemipteridae","Scolopsis","bilineata",2,4
"MB1-04","Labridae","Thalassoma","lunare",1,4
"MB1-05","Acanthuridae","Acanthurus","grammoptilus",1,5
"MB1-05","Acanthuridae","Acanthurus","triostegus",4,5
"MB1-05","Scaridae","Chlorurus","sordidus",5,5
"MB1-05","Pomacentridae","Dascyllus","aruanus",33,5
"MB1-05","Pomacentridae","Neoglyphidodon","melas",1,5
"MB1-05","Pomacentridae","Neoglyphidodon","melas",1,5
"MB1-05","Pomacentridae","Pomacentrus","coelestis",10,5
"MB1-05","Pomacentridae","Pomacentrus","moluccensis",6,5
"MB1-05","Scaridae","Scaridae","spp",1,5
"MB1-05","Scaridae","Scaridae","spp",5,5
"MB1-05","Scaridae","Scarus","rivulatus",1,5
"MB1-05","Nemipteridae","Scolopsis","bilineata",2,5
"MB1-05","Pomacentridae","Stegastes","spp",3,5
"MB1-05","Labridae","Thalassoma","lunare",2,5
"MB1-06","Pomacentridae","Abudefduf","sexfasciatus",5,6
"MB1-06","Acanthuridae","Acanthurus","grammoptilus",1,6
"MB1-06","Acanthuridae","Acanthurus","triostegus",7,6
"MB1-06","Chaetodontidae","Chaetodon","aureofasciatus",1,6
"MB1-06","Chaetodontidae","Chaetodon","plebeius",1,6
"MB1-06","Labridae","Cheilinus","trilobatus",1,6
"MB1-06","Scaridae","Chlorurus","sordidus",5,6
"MB1-06","Pomacentridae","Chromis","atripectoralis",11,6
"MB1-06","Pomacentridae","Dascyllus","aruanus",3,6
"MB1-06","Pomacentridae","Dascyllus","aruanus",25,6
"MB1-06","Labridae","Hemigymnus","melapterus",1,6
"MB1-06","Labridae","Labrichthys","unilineatus",1,6
"MB1-06","Pomacentridae","Neoglyphidodon","melas",1,6
"MB1-06","Pomacentridae","Neoglyphidodon","melas",2,6
"MB1-06","Mullidae","Parupeneus","barberinoides",1,6
"MB1-06","Mullidae","Parupeneus","multifasciatus",1,6
"MB1-06","Pomacentridae","Pomacentrus","milleri",1,6
"MB1-06","Pomacentridae","Pomacentrus","moluccensis",23,6
"MB1-06","Scaridae","Scaridae","spp",4,6
"MB1-06","Scaridae","Scarus","ghobban",1,6
"MB1-06","Pomacentridae","Stegastes","spp",10,6
"MB1-06","Labridae","Thalassoma","hardwicke",4,6
"MB1-06","Labridae","Thalassoma","lunare",2,6
"MB1-06","Labridae","Thalassoma","lutescens",3,6
"MB1-06","Lethrinidae","Lethrinus","spp",1,6
"MB2-01","Acanthuridae","Acanthurus","triostegus",4,1
"MB2-01","Labridae","Halichoeres","nebulosus",2,1
"MB2-01","Pomacentridae","Pomacentrus","coelestis",16,1
"MB2-01","Labridae","Thalassoma","hardwicke",1,1
"MB2-01","Labridae","Thalassoma","lunare",4,1
"MB2-01","Labridae","Thalassoma","lutescens",2,1
"MB2-02","Acanthuridae","Acanthurus","triostegus",6,2
"MB2-02","Scaridae","Chlorurus","sordidus",3,2
"MB2-02","Pomacentridae","Chromis","atripectoralis",5,2
"MB2-02","Mullidae","Parupeneus","barberinoides",1,2
"MB2-02","Balistidae","Rhinecanthus","aculeatus",1,2
"MB2-02","Scaridae","Scaridae","spp",20,2
"MB2-02","Scaridae","Scarus","rivulatus",1,2
"MB2-02","Scaridae","Scarus","rivulatus",35,2
"MB2-02","Nemipteridae","Scolopsis","bilineata",2,2
"MB2-02","Labridae","Thalassoma","lutescens",1,2
"MB2-02","Zanclidae","Zanclus","cornutus",1,2
"MB2-03","Pomacentridae","Abudefduf","sexfasciatus",2,3
"MB2-03","Acanthuridae","Acanthurus","triostegus",9,3
"MB2-03","Chaetodontidae","Chaetodon","plebeius",2,3
"MB2-03","Scaridae","Chlorurus","sordidus",11,3
"MB2-03","Labridae","Coris","aygula",1,3
"MB2-03","Pomacentridae","Pomacentrus","moluccensis",3,3
"MB2-03","Scaridae","Scaridae","spp",37,3
"MB2-03","Scaridae","Scarus","ghobban",2,3
"MB2-03","Scaridae","Scarus","rivulatus",99,3
"MB2-03","Nemipteridae","Scolopsis","bilineata",4,3
"MB2-03","Labridae","Thalassoma","hardwicke",1,3
"MB2-03","Labridae","Thalassoma","lunare",2,3
"MB2-03","Labridae","Thalassoma","lutescens",1,3
"MB2-04","Acanthuridae","Acanthurus","triostegus",3,4
"MB2-04","Scaridae","Chlorurus","sordidus",1,4
"MB2-04","Pomacentridae","Dascyllus","reticulatus",15,4
"MB2-04","Mullidae","Parupeneus","barberinoides",1,4
"MB2-04","Mullidae","Parupeneus","spilurus",2,4
"MB2-04","Scaridae","Scaridae","spp",17,4
"MB2-04","Scaridae","Scarus","ghobban",2,4
"MB2-04","Nemipteridae","Scolopsis","bilineata",45,4
"MB2-04","Labridae","Thalassoma","lutescens",1,4
"MB2-05","Pomacentridae","Abudefduf","sexfasciatus",1,5
"MB2-05","Acanthuridae","Acanthurus","triostegus",1,5
"MB2-05","Chaetodontidae","Chaetodon","plebeius",2,5
"MB2-05","Scaridae","Chlorurus","sordidus",2,5
"MB2-05","Acanthuridae","Ctenochaetus","striatus",1,5
"MB2-05","Pomacentridae","Dascyllus","aruanus",6,5
"MB2-05","Labridae","Gomphosus","varius",1,5
"MB2-05","Pomacentridae","Neoglyphidodon","melas",1,5
"MB2-05","Pinguipedidae","Parapercis","spp",1,5
"MB2-05","Pomacentridae","Pomacentrus","moluccensis",12,5
"MB2-05","Scaridae","Scaridae","spp",1,5
"MB2-05","Nemipteridae","Scolopsis","bilineata",1,5
"MB2-05","Nemipteridae","Scolopsis","bilineata",4,5
"MB2-05","Pomacentridae","Stegastes","spp",3,5
"MB2-05","Labridae","Thalassoma","lunare",1,5
"MB2-05","Labridae","Thalassoma","lutescens",3,5
"MB2-05","Acanthuridae","Zebrasoma","scopas",2,5
"MB2-06","Chaetodontidae","Chaetodon","spp",1,6
"MB2-06","Chaetodontidae","Chaetodon","trifascialis",12,6
"MB2-06","Scaridae","Chlorurus","sordidus",2,6
"MB2-06","Pomacentridae","Chromis","atripectoralis",120,6
"MB2-06","Pomacentridae","Pomacentrus","moluccensis",7,6
"MB2-06","Labridae","Thalassoma","hardwicke",2,6
"MB2-06","Labridae","Thalassoma","lunare",1,6
"MB2-06","Labridae","Thalassoma","lutescens",1,6
"T1-01","Scaridae","Chlorurus","sordidus",1,1
"T1-01","Chaetodontidae","Chaetodon","plebeius",1,1
"T1-01","Pomacentridae","Pomacentrus","moluccensis",1,1
"T1-01","Scaridae","Chlorurus","sordidus",1,1
"T1-01","Labridae","Thalassoma","hardwicke",1,1
"T1-01","Labridae","Hologymnosus","annulatus",1,1
"T1-01","Acanthuridae","Ctenochaetus","striatus",1,1
"T1-01","Labridae","Hologymnosus","annulatus",1,1
"T1-01","Scaridae","Chlorurus","sordidus",1,1
"T1-01","Scaridae","Chlorurus","sordidus",1,1
"T1-01","Scaridae","Chlorurus","sordidus",1,1
"T1-01","Scaridae","Chlorurus","sordidus",1,1
"T1-01","Scaridae","Chlorurus","sordidus",1,1
"T1-01","Scaridae","Chlorurus","sordidus",1,1
"T1-01","Scaridae","Chlorurus","sordidus",1,1
"T1-01","Scaridae","Chlorurus","sordidus",1,1
"T1-01","Scaridae","Chlorurus","sordidus",1,1
"T1-01","Labridae","Labrichthys","unilineatus",1,1
"T1-01","Scaridae","Chlorurus","sordidus",1,1
"T1-01","Scaridae","Chlorurus","sordidus",1,1
"T1-01","Scaridae","Chlorurus","sordidus",1,1
"T1-01","Scaridae","Chlorurus","sordidus",1,1
"T1-01","Scaridae","Chlorurus","sordidus",1,1
"T1-01","Scaridae","Chlorurus","sordidus",1,1
"T1-01","Scaridae","Chlorurus","sordidus",1,1
"T1-01","Monacanthidae","Oxymonacanthus","longirostris",1,1
"T1-01","Monacanthidae","Oxymonacanthus","longirostris",1,1
"T1-01","Scaridae","Chlorurus","sordidus",1,1
"T1-01","Scaridae","Chlorurus","sordidus",1,1
"T1-01","Scaridae","Chlorurus","sordidus",1,1
"T1-01","Scaridae","Chlorurus","sordidus",1,1
"T1-01","Scaridae","Chlorurus","sordidus",1,1
"T1-01","Acanthuridae","Ctenochaetus","striatus",1,1
"T1-01","Scaridae","Chlorurus","sordidus",1,1
"T1-01","Acanthuridae","Ctenochaetus","striatus",1,1
"T1-01","Scaridae","Chlorurus","sordidus",1,1
"T1-01","Acanthuridae","Ctenochaetus","striatus",1,1
"T1-01","Acanthuridae","Ctenochaetus","striatus",1,1
"T1-01","Acanthuridae","Ctenochaetus","striatus",1,1
"T1-01","Siganidae","Siganus","spp",1,1
"T1-01","Acanthuridae","Ctenochaetus","striatus",1,1
"T1-01","Acanthuridae","Ctenochaetus","striatus",1,1
"T1-01","Acanthuridae","Ctenochaetus","striatus",1,1
"T1-01","Acanthuridae","Acanthurus","triostegus",1,1
"T1-01","Siganidae","Siganus","spp",1,1
"T1-01","Acanthuridae","Ctenochaetus","striatus",1,1
"T1-01","Acanthuridae","Ctenochaetus","striatus",1,1
"T1-01","Siganidae","Siganus","spp",1,1
"T1-01","Acanthuridae","Ctenochaetus","striatus",1,1
"T1-01","Siganidae","Siganus","spp",1,1
"T1-01","Acanthuridae","Ctenochaetus","striatus",1,1
"T1-01","Acanthuridae","Acanthurus","triostegus",3,1
"T1-01","Chaetodontidae","Chaetodon","plebeius",2,1
"T1-01","Labridae","Cheilinus","trilobatus",1,1
"T1-01","Scaridae","Chlorurus","sordidus",1,1
"T1-01","Scaridae","Chlorurus","sordidus",26,1
"T1-01","Acanthuridae","Ctenochaetus","striatus",26,1
"T1-01","Labridae","Hologymnosus","annulatus",1,1
"T1-01","Labridae","Labrichthys","unilineatus",2,1
"T1-01","Pomacentridae","Neoglyphidodon","nigroris",1,1
"T1-01","Pomacentridae","Pomacentrus","moluccensis",7,1
"T1-01","Scaridae","Scaridae","spp",3,1
"T1-01","Scaridae","Scarus","frenatus",1,1
"T1-01","Siganidae","Siganus","spp",2,1
"T1-01","Pomacentridae","Stegastes","spp",1,1
"T1-01","Labridae","Thalassoma","hardwicke",1,1
"T1-01","Zanclidae","Zanclus","cornutus",1,1
"T1-02","Acanthuridae","Ctenochaetus","striatus",1,2
"T1-02","Scaridae","Chlorurus","sordidus",1,2
"T1-02","Acanthuridae","Ctenochaetus","striatus",1,2
"T1-02","Acanthuridae","Acanthurus","triostegus",1,2
"T1-02","Acanthuridae","Ctenochaetus","striatus",1,2
"T1-02","Acanthuridae","Ctenochaetus","striatus",1,2
"T1-02","Acanthuridae","Ctenochaetus","striatus",1,2
"T1-02","Acanthuridae","Ctenochaetus","striatus",1,2
"T1-02","Scaridae","Chlorurus","sordidus",1,2
"T1-02","Scaridae","Chlorurus","sordidus",1,2
"T1-02","Scaridae","Chlorurus","sordidus",1,2
"T1-02","Scaridae","Chlorurus","sordidus",1,2
"T1-02","Scaridae","Chlorurus","sordidus",1,2
"T1-02","Acanthuridae","Zebrasoma","scopas",1,2
"T1-02","Acanthuridae","Ctenochaetus","striatus",1,2
"T1-02","Acanthuridae","Ctenochaetus","striatus",1,2
"T1-02","Acanthuridae","Ctenochaetus","striatus",1,2
"T1-02","Chaetodontidae","Chaetodon","lunulatus",1,2
"T1-02","Chaetodontidae","Chaetodon","lunulatus",1,2
"T1-02","Scaridae","Chlorurus","sordidus",1,2
"T1-02","Acanthuridae","Zebrasoma","scopas",1,2
"T1-02","Scaridae","Chlorurus","sordidus",1,2
"T1-02","Acanthuridae","Acanthurus","triostegus",1,2
"T1-02","Chaetodontidae","Chaetodon","plebeius",2,2
"T1-02","Scaridae","Chlorurus","sordidus",7,2
"T1-02","Acanthuridae","Ctenochaetus","striatus",20,2
"T1-02","Acanthuridae","Naso","spp",1,2
"T1-02","Pomacentridae","Neoglyphidodon","nigroris",1,2
"T1-02","Monacanthidae","Oxymonacanthus","longirostris",2,2
"T1-02","Pomacentridae","Pomacentrus","moluccensis",1,2
"T1-02","Scaridae","Scaridae","spp",1,2
"T1-02","Siganidae","Siganus","spp",1,2
"T1-03","Acanthuridae","Acanthurus","triostegus",1,3
"T1-03","Acanthuridae","Acanthurus","triostegus",1,3
"T1-03","Acanthuridae","Acanthurus","triostegus",1,3
"T1-03","Acanthuridae","Acanthurus","triostegus",1,3
"T1-03","Acanthuridae","Ctenochaetus","striatus",1,3
"T1-03","Acanthuridae","Zebrasoma","scopas",1,3
"T1-03","Acanthuridae","Acanthurus","triostegus",1,3
"T1-03","Acanthuridae","Acanthurus","triostegus",1,3
"T1-03","Acanthuridae","Acanthurus","triostegus",1,3
"T1-03","Acanthuridae","Ctenochaetus","striatus",1,3
"T1-03","Acanthuridae","Acanthurus","triostegus",1,3
"T1-03","Scaridae","Chlorurus","sordidus",1,3
"T1-03","Scaridae","Chlorurus","sordidus",1,3
"T1-03","Labridae","Thalassoma","hardwicke",1,3
"T1-03","Scaridae","Chlorurus","sordidus",1,3
"T1-03","Scaridae","Chlorurus","sordidus",1,3
"T1-03","Scaridae","Chlorurus","sordidus",1,3
"T1-03","Labridae","Thalassoma","hardwicke",1,3
"T1-03","Scaridae","Chlorurus","sordidus",1,3
"T1-03","Chaetodontidae","Chaetodon","plebeius",1,3
"T1-03","Pomacentridae","Neoglyphidodon","nigroris",1,3
"T1-03","Labridae","Hemigymnus","melapterus",1,3
"T1-03","Scaridae","Chlorurus","sordidus",1,3
"T1-03","Acanthuridae","Zebrasoma","scopas",1,3
"T1-03","Acanthuridae","Acanthuridae","spp",1,3
"T1-03","Acanthuridae","Acanthurus","triostegus",8,3
"T1-03","Chaetodontidae","Chaetodon","lunulatus",1,3
"T1-03","Chaetodontidae","Chaetodon","plebeius",1,3
"T1-03","Scaridae","Chlorurus","sordidus",4,3
"T1-03","Acanthuridae","Ctenochaetus","striatus",35,3
"T1-03","Labridae","Labrichthys","unilineatus",3,3
"T1-03","Pomacentridae","Neoglyphidodon","nigroris",4,3
"T1-03","Pomacentridae","Pomacentrus","moluccensis",5,3
"T1-03","Scaridae","Scaridae","spp",8,3
"T1-03","Scaridae","Scarus","frenatus",1,3
"T1-03","Scaridae","Scarus","frenatus",1,3
"T1-03","Scaridae","Scarus","ghobban",1,3
"T1-03","Siganidae","Siganus","spp",1,3
"T1-03","Labridae","Thalassoma","hardwicke",2,3
"T1-03","Zanclidae","Zanclus","cornutus",1,3
"T1-03","Acanthuridae","Zebrasoma","scopas",1,3
"T1-04","Acanthuridae","Zebrasoma","scopas",1,4
"T1-04","Pomacentridae","Neoglyphidodon","nigroris",1,4
"T1-04","Scaridae","Chlorurus","sordidus",1,4
"T1-04","Labridae","Hemigymnus","fasciatus",1,4
"T1-04","Acanthuridae","Ctenochaetus","striatus",1,4
"T1-04","Scaridae","Chlorurus","sordidus",1,4
"T1-04","Scaridae","Scaridae","spp",1,4
"T1-04","Pomacentridae","Pomacentrus","moluccensis",1,4
"T1-04","Labridae","Labroides","dimidiatus",1,4
"T1-04","Scaridae","Chlorurus","sordidus",1,4
"T1-04","Scaridae","Chlorurus","sordidus",1,4
"T1-04","Scaridae","Chlorurus","sordidus",1,4
"T1-04","Scaridae","Chlorurus","sordidus",1,4
"T1-04","Scaridae","Chlorurus","sordidus",1,4
"T1-04","Scaridae","Chlorurus","sordidus",1,4
"T1-04","Scaridae","Chlorurus","sordidus",1,4
"T1-04","Scaridae","Chlorurus","sordidus",1,4
"T1-04","Scaridae","Chlorurus","sordidus",1,4
"T1-04","Scaridae","Chlorurus","sordidus",1,4
"T1-04","Scaridae","Chlorurus","sordidus",1,4
"T1-04","Labridae","Labrichthys","unilineatus",1,4
"T1-04","Scaridae","Chlorurus","sordidus",1,4
"T1-04","Scaridae","Chlorurus","sordidus",1,4
"T1-04","Scaridae","Chlorurus","sordidus",1,4
"T1-04","Scaridae","Chlorurus","sordidus",1,4
"T1-04","Scaridae","Chlorurus","sordidus",1,4
"T1-04","Scaridae","Chlorurus","sordidus",1,4
"T1-04","Scaridae","Chlorurus","sordidus",1,4
"T1-04","Scaridae","Chlorurus","sordidus",1,4
"T1-04","Scaridae","Chlorurus","sordidus",1,4
"T1-04","Scaridae","Chlorurus","sordidus",1,4
"T1-04","Scaridae","Chlorurus","sordidus",1,4
"T1-04","Scaridae","Chlorurus","sordidus",1,4
"T1-04","Scaridae","Chlorurus","sordidus",1,4
"T1-04","Scaridae","Chlorurus","sordidus",1,4
"T1-04","Scaridae","Chlorurus","sordidus",1,4
"T1-04","Scaridae","Chlorurus","sordidus",1,4
"T1-04","Scaridae","Chlorurus","sordidus",1,4
"T1-04","Scaridae","Chlorurus","sordidus",1,4
"T1-04","Scaridae","Chlorurus","sordidus",1,4
"T1-04","Scaridae","Chlorurus","sordidus",1,4
"T1-04","Scaridae","Chlorurus","sordidus",1,4
"T1-04","Scaridae","Chlorurus","sordidus",1,4
"T1-04","Pomacentridae","Pomacentrus","moluccensis",1,4
"T1-04","Scaridae","Chlorurus","sordidus",1,4
"T1-04","Scaridae","Chlorurus","sordidus",1,4
"T1-04","Scaridae","Chlorurus","sordidus",1,4
"T1-04","Scaridae","Chlorurus","sordidus",1,4
"T1-04","Scaridae","Chlorurus","sordidus",1,4
"T1-04","Chaetodontidae","Chaetodon","lunulatus",1,4
"T1-04","Scaridae","Chlorurus","sordidus",1,4
"T1-04","Scaridae","Chlorurus","sordidus",1,4
"T1-04","Scaridae","Chlorurus","sordidus",1,4
"T1-04","Scaridae","Chlorurus","sordidus",1,4
"T1-04","Scaridae","Scarus","schlegeli",1,4
"T1-04","Chaetodontidae","Chaetodon","lunulatus",1,4
"T1-04","Chaetodontidae","Chaetodon","plebeius",2,4
"T1-04","Labridae","Cheilinus","trilobatus",1,4
"T1-04","Scaridae","Chlorurus","sordidus",62,4
"T1-04","Acanthuridae","Ctenochaetus","striatus",6,4
"T1-04","Labridae","Labrichthys","unilineatus",2,4
"T1-04","Pomacentridae","Neoglyphidodon","nigroris",3,4
"T1-04","Pomacentridae","Pomacentrus","moluccensis",9,4
"T1-04","Scaridae","Scaridae","spp",20,4
"T1-04","Scaridae","Scarus","schlegeli",1,4
"T1-04","Pomacentridae","Stegastes","spp",1,4
"T1-04","Labridae","Thalassoma","hardwicke",1,4
"T1-04","Labridae","Thalassoma","lunare",4,4
"T1-04","Acanthuridae","Zebrasoma","scopas",2,4
"T1-05","Pomacentridae","Pomacentrus","moluccensis",1,5
"T1-05","Scaridae","Chlorurus","sordidus",1,5
"T1-05","Acanthuridae","Ctenochaetus","striatus",1,5
"T1-05","Labridae","Hemigymnus","fasciatus",1,5
"T1-05","Chaetodontidae","Chaetodon","plebeius",1,5
"T1-05","Scaridae","Chlorurus","sordidus",1,5
"T1-05","Scaridae","Chlorurus","sordidus",1,5
"T1-05","Scaridae","Chlorurus","sordidus",1,5
"T1-05","Scaridae","Chlorurus","sordidus",1,5
"T1-05","Haemulidae","Plectorhinchus","spp",1,5
"T1-05","Scaridae","Chlorurus","sordidus",1,5
"T1-05","Chaetodontidae","Chaetodon","trifascialis",1,5
"T1-05","Scaridae","Chlorurus","sordidus",1,5
"T1-05","Labridae","Hemigymnus","melapterus",1,5
"T1-05","Acanthuridae","Ctenochaetus","striatus",1,5
"T1-05","Scaridae","Chlorurus","sordidus",1,5
"T1-05","Pomacentridae","Pomacentrus","moluccensis",1,5
"T1-05","Chaetodontidae","Chaetodon","trifascialis",1,5
"T1-05","Pomacentridae","Neoglyphidodon","nigroris",1,5
"T1-05","Scaridae","Chlorurus","sordidus",1,5
"T1-05","Acanthuridae","Zebrasoma","scopas",1,5
"T1-05","Pomacentridae","Neoglyphidodon","nigroris",1,5
"T1-05","Latidae","Psammoperca","datnioides",1,5
"T1-05","Labridae","Epibulus","insidiator",1,5
"T1-05","Haemulidae","Plectorhinchus","spp",1,5
"T1-05","Acanthuridae","Acanthuridae","spp",1,5
"T1-05","Chaetodontidae","Chaetodon","plebeius",2,5
"T1-05","Scaridae","Chlorurus","sordidus",22,5
"T1-05","Acanthuridae","Ctenochaetus","striatus",1,5
"T1-05","Labridae","Epibulus","insidiator",1,5
"T1-05","Labridae","Gomphosus","varius",1,5
"T1-05","Labridae","Labrichthys","unilineatus",2,5
"T1-05","Pomacentridae","Neoglyphidodon","nigroris",3,5
"T1-05","Pomacentridae","Pomacentrus","moluccensis",8,5
"T1-05","Scaridae","Scaridae","spp",9,5
"T1-05","Labridae","Thalassoma","hardwicke",2,5
"T1-05","Labridae","Thalassoma","lunare",1,5
"T1-06","Nemipteridae","Scolopsis","bilineata",1,6
"T1-06","Acanthuridae","Zebrasoma","scopas",1,6
"T1-06","Pomacentridae","Neoglyphidodon","nigroris",1,6
"T1-06","Scaridae","Chlorurus","sordidus",1,6
"T1-06","Scaridae","Chlorurus","sordidus",1,6
"T1-06","Scaridae","Chlorurus","sordidus",1,6
"T1-06","Acanthuridae","Zebrasoma","scopas",1,6
"T1-06","Pomacentridae","Neoglyphidodon","nigroris",1,6
"T1-06","Pomacentridae","Dascyllus","aruanus",1,6
"T1-06","Pomacentridae","Pomacentrus","moluccensis",1,6
"T1-06","Labridae","Epibulus","insidiator",1,6
"T1-06","Acanthuridae","Ctenochaetus","striatus",1,6
"T1-06","Acanthuridae","Ctenochaetus","striatus",1,6
"T1-06","Acanthuridae","Zebrasoma","scopas",1,6
"T1-06","Labridae","Thalassoma","lunare",1,6
"T1-06","Scaridae","Chlorurus","sordidus",1,6
"T1-06","Scaridae","Chlorurus","sordidus",1,6
"T1-06","Labridae","Thalassoma","lutescens",1,6
"T1-06","Labridae","Thalassoma","lunare",1,6
"T1-06","Labridae","Thalassoma","lutescens",1,6
"T1-06","Labridae","Cheilinus","trilobatus",1,6
"T1-06","Scaridae","Chlorurus","sordidus",8,6
"T1-06","Acanthuridae","Ctenochaetus","striatus",4,6
"T1-06","Pomacentridae","Dascyllus","aruanus",1,6
"T1-06","Labridae","Gomphosus","varius",1,6
"T1-06","Labridae","Hemigymnus","fasciatus",1,6
"T1-06","Labridae","Hemigymnus","melapterus",2,6
"T1-06","Pomacentridae","Neoglyphidodon","nigroris",1,6
"T1-06","Pomacentridae","Pomacentrus","moluccensis",3,6
"T1-06","Scaridae","Scaridae","spp",8,6
"T1-06","Scaridae","Scarus","ghobban",1,6
"T1-06","Balistidae","Sufflamen","chrysopterum",1,6
"T1-06","Labridae","Thalassoma","lunare",2,6
"T1-06","Acanthuridae","Zebrasoma","scopas",5,6
"T2-01","Scaridae","Chlorurus","sordidus",1,1
"T2-01","Scaridae","Chlorurus","sordidus",1,1
"T2-01","Scaridae","Chlorurus","sordidus",1,1
"T2-01","Pomacentridae","Pomacentrus","moluccensis",1,1
"T2-01","Scaridae","Chlorurus","sordidus",1,1
"T2-01","Pomacentridae","Pomacentrus","moluccensis",1,1
"T2-01","Pomacentridae","Pomacentrus","moluccensis",1,1
"T2-01","Labridae","Labrichthys","unilineatus",1,1
"T2-01","Scaridae","Chlorurus","sordidus",1,1
"T2-01","Scaridae","Chlorurus","sordidus",1,1
"T2-01","Labridae","Thalassoma","hardwicke",1,1
"T2-01","Labridae","Hemigymnus","melapterus",1,1
"T2-01","Labridae","Labrichthys","unilineatus",1,1
"T2-01","Scaridae","Chlorurus","sordidus",1,1
"T2-01","Pomacentridae","Neoglyphidodon","nigroris",1,1
"T2-01","Labridae","Labrichthys","unilineatus",1,1
"T2-01","Chaetodontidae","Chaetodon","auriga",1,1
"T2-01","Labridae","Cheilinus","trilobatus",1,1
"T2-01","Scaridae","Chlorurus","sordidus",14,1
"T2-01","Acanthuridae","Ctenochaetus","striatus",3,1
"T2-01","Labridae","Epibulus","insidiator",2,1
"T2-01","Labridae","Hemigymnus","melapterus",1,1
"T2-01","Labridae","Labrichthys","unilineatus",1,1
"T2-01","Pomacentridae","Neoglyphidodon","nigroris",3,1
"T2-01","Pomacentridae","Pomacentrus","moluccensis",44,1
"T2-01","Scaridae","Scaridae","spp",15,1
"T2-01","Scaridae","Scaridae","spp",16,1
"T2-01","Labridae","Thalassoma","hardwicke",7,1
"T2-01","Labridae","Thalassoma","lunare",2,1
"T2-01","Zanclidae","Zanclus","cornutus",2,1
"T2-02","Scaridae","Chlorurus","sordidus",1,2
"T2-02","Scaridae","Scaridae","spp",1,2
"T2-02","Scaridae","Scaridae","spp",1,2
"T2-02","Acanthuridae","Ctenochaetus","striatus",1,2
"T2-02","Scaridae","Chlorurus","sordidus",1,2
"T2-02","Scaridae","Chlorurus","sordidus",1,2
"T2-02","Scaridae","Chlorurus","sordidus",1,2
"T2-02","Labridae","Thalassoma","hardwicke",1,2
"T2-02","Mullidae","Parupeneus","barberinoides",1,2
"T2-02","Scaridae","Chlorurus","sordidus",1,2
"T2-02","Zanclidae","Zanclus","cornutus",1,2
"T2-02","Labridae","Labrichthys","unilineatus",1,2
"T2-02","Scaridae","Chlorurus","sordidus",1,2
"T2-02","Scaridae","Chlorurus","sordidus",1,2
"T2-02","Pomacentridae","Chromis","atripectoralis",1,2
"T2-02","Pomacentridae","Chromis","atripectoralis",1,2
"T2-02","Pomacentridae","Pomacentrus","moluccensis",1,2
"T2-02","Scaridae","Chlorurus","sordidus",1,2
"T2-02","Labridae","Thalassoma","lutescens",1,2
"T2-02","Scaridae","Chlorurus","sordidus",1,2
"T2-02","Scaridae","Chlorurus","sordidus",1,2
"T2-02","Pomacentridae","Pomacentrus","moluccensis",1,2
"T2-02","Acanthuridae","Ctenochaetus","striatus",1,2
"T2-02","Scaridae","Chlorurus","sordidus",1,2
"T2-02","Acanthuridae","Ctenochaetus","striatus",1,2
"T2-02","Pomacentridae","Pomacentrus","moluccensis",1,2
"T2-02","Scaridae","Chlorurus","sordidus",1,2
"T2-02","Scaridae","Scarus","ghobban",1,2
"T2-02","Chaetodontidae","Chaetodon","plebeius",3,2
"T2-02","Scaridae","Chlorurus","sordidus",5,2
"T2-02","Pomacentridae","Chromis","atripectoralis",63,2
"T2-02","Acanthuridae","Ctenochaetus","striatus",5,2
"T2-02","Labridae","Hemigymnus","melapterus",1,2
"T2-02","Pomacentridae","Neoglyphidodon","nigroris",4,2
"T2-02","Monacanthidae","Oxymonacanthus","longirostris",1,2
"T2-02","Mullidae","Parupeneus","barberinoides",1,2
"T2-02","Pomacentridae","Pomacentrus","moluccensis",7,2
"T2-02","Scaridae","Scaridae","spp",14,2
"T2-02","Scaridae","Scarus","rivulatus",1,2
"T2-02","Labridae","Thalassoma","hardwicke",3,2
"T2-02","Labridae","Thalassoma","lutescens",1,2
"T2-03","Labridae","Labroides","dimidiatus",1,3
"T2-03","Labridae","Labrichthys","unilineatus",1,3
"T2-03","Pomacentridae","Neoglyphidodon","nigroris",1,3
"T2-03","Chaetodontidae","Chaetodon","plebeius",1,3
"T2-03","Pomacentridae","Pomacentrus","moluccensis",1,3
"T2-03","Labridae","Thalassoma","hardwicke",1,3
"T2-03","Pomacentridae","Pomacentrus","moluccensis",1,3
"T2-03","Scaridae","Chlorurus","sordidus",1,3
"T2-03","Scaridae","Chlorurus","sordidus",1,3
"T2-03","Labridae","Thalassoma","hardwicke",1,3
"T2-03","Pomacentridae","Pomacentrus","moluccensis",1,3
"T2-03","Pomacentridae","Pomacentrus","moluccensis",1,3
"T2-03","Lutjanidae","Lutjanus","carponotatus",1,3
"T2-03","Scaridae","Chlorurus","sordidus",1,3
"T2-03","Scaridae","Scarus","rivulatus",1,3
"T2-03","Scaridae","Chlorurus","sordidus",1,3
"T2-03","Scaridae","Chlorurus","sordidus",1,3
"T2-03","Scaridae","Scarus","rivulatus",1,3
"T2-03","Labridae","Thalassoma","lutescens",1,3
"T2-03","Scaridae","Chlorurus","sordidus",1,3
"T2-03","Chaetodontidae","Chaetodon","plebeius",3,3
"T2-03","Scaridae","Chlorurus","sordidus",2,3
"T2-03","Scaridae","Chlorurus","sordidus",4,3
"T2-03","Acanthuridae","Ctenochaetus","striatus",2,3
"T2-03","Pomacentridae","Dascyllus","aruanus",4,3
"T2-03","Labridae","Hemigymnus","melapterus",1,3
"T2-03","Labridae","Labrichthys","unilineatus",4,3
"T2-03","Pomacentridae","Pomacentrus","moluccensis",34,3
"T2-03","Scaridae","Scaridae","spp",18,3
"T2-03","Labridae","Thalassoma","hardwicke",3,3
"T2-03","Labridae","Thalassoma","lutescens",1,3
"T2-03","Zanclidae","Zanclus","cornutus",1,3
"T2-04","Pomacentridae","Pomacentrus","moluccensis",1,4
"T2-04","Acanthuridae","Zebrasoma","scopas",1,4
"T2-04","Pomacentridae","Pomacentrus","moluccensis",1,4
"T2-04","Pomacentridae","Dascyllus","aruanus",1,4
"T2-04","Scaridae","Chlorurus","sordidus",1,4
"T2-04","Scaridae","Chlorurus","sordidus",1,4
"T2-04","Pomacanthidae","Pomacanthus","semicirculatus",1,4
"T2-04","Pomacentridae","Chromis","atripectoralis",1,4
"T2-04","Pomacentridae","Chromis","atripectoralis",1,4
"T2-04","Chaetodontidae","Chaetodon","plebeius",1,4
"T2-04","Labridae","Thalassoma","hardwicke",1,4
"T2-04","Scaridae","Chlorurus","sordidus",1,4
"T2-04","Pomacanthidae","Pomacanthus","semicirculatus",1,4
"T2-04","Pomacanthidae","Pomacanthus","semicirculatus",1,4
"T2-04","Chaetodontidae","Chaetodon","plebeius",2,4
"T2-04","Scaridae","Chlorurus","sordidus",1,4
"T2-04","Scaridae","Chlorurus","sordidus",3,4
"T2-04","Pomacentridae","Chromis","atripectoralis",38,4
"T2-04","Acanthuridae","Ctenochaetus","striatus",1,4
"T2-04","Pomacentridae","Dascyllus","aruanus",3,4
"T2-04","Labridae","Hemigymnus","melapterus",1,4
"T2-04","Labridae","Hemigymnus","melapterus",1,4
"T2-04","Acanthuridae","Naso","unicornis",1,4
"T2-04","Pomacentridae","Neoglyphidodon","nigroris",2,4
"T2-04","Mullidae","Parupeneus","barberinoides",1,4
"T2-04","Pomacanthidae","Pomacanthus","semicirculatus",1,4
"T2-04","Pomacentridae","Pomacentrus","moluccensis",22,4
"T2-04","Scaridae","Scaridae","spp",7,4
"T2-04","Scaridae","Scaridae","spp",8,4
"T2-04","Siganidae","Siganus","doliatus",1,4
"T2-04","Labridae","Thalassoma","hardwicke",3,4
"T2-04","Labridae","Thalassoma","lutescens",1,4
"T2-04","Zanclidae","Zanclus","cornutus",2,4
"T2-04","Acanthuridae","Zebrasoma","scopas",1,4
"T2-05","Pomacentridae","Pomacentrus","moluccensis",1,5
"T2-05","Chaetodontidae","Chaetodon","plebeius",1,5
"T2-05","Labridae","Labrichthys","unilineatus",1,5
"T2-05","Scaridae","Chlorurus","sordidus",1,5
"T2-05","Pomacentridae","Pomacentrus","moluccensis",1,5
"T2-05","Labridae","Gomphosus","varius",1,5
"T2-05","Scaridae","Chlorurus","sordidus",1,5
"T2-05","Scaridae","Chlorurus","sordidus",1,5
"T2-05","Pomacentridae","Pomacentrus","moluccensis",1,5
"T2-05","Scaridae","Chlorurus","sordidus",1,5
"T2-05","Acanthuridae","Ctenochaetus","striatus",1,5
"T2-05","Acanthuridae","Ctenochaetus","striatus",1,5
"T2-05","Labridae","Gomphosus","varius",1,5
"T2-05","Pomacentridae","Neoglyphidodon","nigroris",1,5
"T2-05","Labridae","Thalassoma","hardwicke",1,5
"T2-05","Scaridae","Chlorurus","sordidus",1,5
"T2-05","Scaridae","Scarus","ghobban",1,5
"T2-05","Scaridae","Chlorurus","sordidus",1,5
"T2-05","Chaetodontidae","Chaetodon","lunulatus",1,5
"T2-05","Chaetodontidae","Chaetodon","plebeius",1,5
"T2-05","Scaridae","Chlorurus","sordidus",1,5
"T2-05","Scaridae","Chlorurus","sordidus",8,5
"T2-05","Pomacentridae","Chromis","atripectoralis",100,5
"T2-05","Acanthuridae","Ctenochaetus","striatus",2,5
"T2-05","Labridae","Gomphosus","varius",2,5
"T2-05","Labridae","Labrichthys","unilineatus",3,5
"T2-05","Pomacentridae","Neoglyphidodon","nigroris",4,5
"T2-05","Pomacanthidae","Pomacanthus","semicirculatus",1,5
"T2-05","Pomacentridae","Pomacentrus","coelestis",11,5
"T2-05","Pomacentridae","Pomacentrus","moluccensis",28,5
"T2-05","Scaridae","Scaridae","spp",5,5
"T2-05","Scaridae","Scaridae","spp",20,5
"T2-05","Labridae","Thalassoma","hardwicke",4,5
"T2-05","Labridae","Thalassoma","lunare",3,5
"T2-05","Labridae","Thalassoma","lutescens",1,5
"T2-05","Acanthuridae","Zebrasoma","veliferum",1,5
"T2-06","Labridae","Thalassoma","hardwicke",1,6
"T2-06","Labridae","Thalassoma","lutescens",1,6
"T2-06","Scaridae","Chlorurus","sordidus",1,6
"T2-06","Scaridae","Chlorurus","sordidus",1,6
"T2-06","Labridae","Hemigymnus","fasciatus",1,6
"T2-06","Labridae","Thalassoma","lutescens",1,6
"T2-06","Scaridae","Chlorurus","sordidus",1,6
"T2-06","Scaridae","Chlorurus","sordidus",1,6
"T2-06","Acanthuridae","Ctenochaetus","striatus",1,6
"T2-06","Chaetodontidae","Chaetodon","plebeius",1,6
"T2-06","Chaetodontidae","Chaetodon","plebeius",1,6
"T2-06","Labridae","Gomphosus","varius",1,6
"T2-06","Labridae","Thalassoma","hardwicke",1,6
"T2-06","Scaridae","Chlorurus","sordidus",1,6
"T2-06","Labridae","Gomphosus","varius",1,6
"T2-06","Scaridae","Chlorurus","sordidus",1,6
"T2-06","Scaridae","Chlorurus","sordidus",1,6
"T2-06","Labridae","Epibulus","insidiator",1,6
"T2-06","Pomacentridae","Pomacentrus","moluccensis",1,6
"T2-06","Acanthuridae","Ctenochaetus","striatus",1,6
"T2-06","Scaridae","Chlorurus","sordidus",1,6
"T2-06","Scaridae","Chlorurus","sordidus",1,6
"T2-06","Chaetodontidae","Chaetodon","plebeius",1,6
"T2-06","Chaetodontidae","Chaetodon","plebeius",1,6
"T2-06","Acanthuridae","Ctenochaetus","striatus",1,6
"T2-06","Serranidae","Epinephelus","spp",1,6
"T2-06","Scaridae","Chlorurus","sordidus",1,6
"T2-06","Chaetodontidae","Chaetodon","plebeius",5,6
"T2-06","Scaridae","Chlorurus","sordidus",5,6
"T2-06","Acanthuridae","Ctenochaetus","striatus",8,6
"T2-06","Pomacentridae","Dascyllus","aruanus",2,6
"T2-06","Labridae","Epibulus","insidiator",1,6
"T2-06","Labridae","Hemigymnus","melapterus",2,6
"T2-06","Pomacentridae","Neoglyphidodon","nigroris",6,6
"T2-06","Mullidae","Parupeneus","barberinoides",1,6
"T2-06","Pomacentridae","Pomacentrus","moluccensis",3,6
"T2-06","Scaridae","Scaridae","spp",30,6
"T2-06","Scaridae","Scarus","ghobban",1,6
"T2-06","Scaridae","Scarus","rivulatus",2,6
"T2-06","Labridae","Thalassoma","hardwicke",2,6
"T2-06","Labridae","Thalassoma","lunare",1,6
"T2-06","Labridae","Thalassoma","lutescens",2,6
