"Sample","Family","Genus","Species","Count","Length","Transect"
"B1-01","Pomacentridae","Pomacentrus","moluccensis",1,59.521,1
"B1-01","Labridae","Thalassoma","hardwicke",1,82.535,1
"B1-01","Pomacentridae","Neoglyphidodon","nigroris",1,69.242,1
"B1-01","Scaridae","Chlorurus","sordidus",1,174.445,1
"B1-01","Pomacentridae","Pomacentrus","moluccensis",1,60.161,1
"B1-01","Scaridae","Chlorurus","sordidus",1,208.899,1
"B1-01","Scaridae","Scarus","rivulatus",1,152.373,1
"B1-01","Pomacentridae","Abudefduf","sexfasciatus",1,101.705,1
"B1-01","Pomacentridae","Abudefduf","sexfasciatus",1,84.938,1
"B1-01","Pomacentridae","Abudefduf","sexfasciatus",1,100.688,1
"B1-01","Pomacentridae","Abudefduf","sexfasciatus",1,90.487,1
"B1-01","Pomacentridae","Abudefduf","sexfasciatus",1,116.226,1
"B1-01","Scaridae","Scarus","rivulatus",1,227.5,1
"B1-01","Pomacentridae","Abudefduf","sexfasciatus",1,98.238,1
"B1-01","Scaridae","Chlorurus","sordidus",1,240.597,1
"B1-01","Scaridae","Chlorurus","sordidus",1,166.467,1
"B1-01","Scaridae","Scarus","schlegeli",1,138.597,1
"B1-01","Scaridae","Scarus","rivulatus",1,195.068,1
"B1-01","Scaridae","Scarus","rivulatus",1,155.925,1
"B1-01","Labridae","Hemigymnus","melapterus",1,138.993,1
"B1-01","Scaridae","Scarus","rivulatus",1,139.345,1
"B1-01","Acanthuridae","Ctenochaetus","striatus",1,138.715,1
"B1-01","Labridae","Choerodon","cyanodus",1,222.279,1
"B1-01","Labridae","Hemigymnus","fasciatus",1,94.721,1
"B1-01","Labridae","Thalassoma","lutescens",1,99.477,1
"B1-01","Scaridae","Chlorurus","sordidus",1,179.957,1
"B1-01","Labridae","Thalassoma","hardwicke",1,101.248,1
"B1-01","Labridae","Thalassoma","hardwicke",1,99.907,1
"B1-01","Labridae","Thalassoma","lutescens",1,123.801,1
"B1-01","Labridae","Thalassoma","lutescens",1,95.42,1
"B1-01","Labridae","Hemigymnus","fasciatus",1,92.622,1
"B1-01","Labridae","Thalassoma","lutescens",1,92.86,1
"B1-01","Labridae","Thalassoma","lunare",1,67.084,1
"B1-01","Labridae","Thalassoma","hardwicke",1,79.868,1
"B1-02","Scaridae","Chlorurus","sordidus",1,232.035,2
"B1-02","Scaridae","Chlorurus","sordidus",1,211.383,2
"B1-02","Scaridae","Chlorurus","sordidus",1,180.863,2
"B1-02","Scaridae","Scarus","rivulatus",1,173.034,2
"B1-02","Acanthuridae","Ctenochaetus","striatus",1,145.02,2
"B1-02","Scaridae","Scarus","rivulatus",1,182.23,2
"B1-02","Scaridae","Scarus","rivulatus",1,170.709,2
"B1-02","Scaridae","Chlorurus","sordidus",1,246.605,2
"B1-02","Scaridae","Scarus","rivulatus",1,217.335,2
"B1-02","Scaridae","Scarus","schlegeli",1,206.273,2
"B1-02","Scaridae","Scarus","rivulatus",1,147.495,2
"B1-02","Labridae","Thalassoma","lutescens",1,135.881,2
"B1-02","Scaridae","Scarus","rivulatus",1,216.62,2
"B1-02","Acanthuridae","Ctenochaetus","striatus",1,146.228,2
"B1-02","Scaridae","Scarus","rivulatus",1,225.81,2
"B1-02","Acanthuridae","Ctenochaetus","striatus",1,198.235,2
"B1-02","Scaridae","Chlorurus","sordidus",1,241.619,2
"B1-02","Scaridae","Chlorurus","sordidus",1,232.762,2
"B1-02","Scaridae","Scarus","rivulatus",1,145.124,2
"B1-02","Scaridae","Scarus","rivulatus",1,121.708,2
"B1-02","Scaridae","Chlorurus","sordidus",1,224.863,2
"B1-02","Acanthuridae","Acanthurus","triostegus",1,160.38,2
"B1-02","Labridae","Thalassoma","lutescens",1,110.033,2
"B1-02","Nemipteridae","Scolopsis","bilineata",1,205.702,2
"B1-02","Nemipteridae","Scolopsis","bilineata",1,117.209,2
"B1-02","Labridae","Thalassoma","lutescens",1,92.553,2
"B1-02","Scaridae","Scarus","schlegeli",1,159.378,2
"B1-02","Scaridae","Scarus","rivulatus",1,96.539,2
"B1-02","Scaridae","Scarus","rivulatus",1,208.247,2
"B1-02","Acanthuridae","Acanthurus","triostegus",1,170.455,2
"B1-02","Labridae","Thalassoma","lutescens",1,147.968,2
"B1-02","Acanthuridae","Acanthurus","triostegus",1,104.089,2
"B1-02","Scaridae","Scarus","schlegeli",1,148.438,2
"B1-02","Scaridae","Scarus","schlegeli",1,229.379,2
"B1-02","Scaridae","Scarus","schlegeli",1,122.01,2
"B1-02","Scaridae","Scarus","schlegeli",1,220.076,2
"B1-02","Scaridae","Scarus","rivulatus",1,170.624,2
"B1-02","Acanthuridae","Ctenochaetus","striatus",1,159.91,2
"B1-02","Acanthuridae","Acanthurus","triostegus",1,85.199,2
"B1-02","Acanthuridae","Acanthurus","triostegus",1,86.292,2
"B1-02","Scaridae","Scarus","schlegeli",1,186.482,2
"B1-02","Scaridae","Scarus","schlegeli",1,197.746,2
"B1-02","Scaridae","Scarus","rivulatus",1,89.362,2
"B1-02","Labridae","Thalassoma","lutescens",1,74.592,2
"B1-02","Scaridae","Scarus","schlegeli",1,195.241,2
"B1-02","Scaridae","Scarus","schlegeli",1,263.123,2
"B1-02","Acanthuridae","Acanthurus","triostegus",1,117.668,2
"B1-02","Acanthuridae","Acanthurus","triostegus",1,82.167,2
"B1-02","Scaridae","Scarus","rivulatus",1,81.964,2
"B1-02","Scaridae","Chlorurus","sordidus",1,241.737,2
"B1-02","Scaridae","Scarus","rivulatus",1,242.034,2
"B1-02","Pomacanthidae","Pomacanthus","sexstriatus",1,154.485,2
"B1-02","Pomacentridae","Abudefduf","sexfasciatus",1,110.755,2
"B1-02","Pomacentridae","Abudefduf","sexfasciatus",1,104.314,2
"B1-02","Pomacentridae","Abudefduf","sexfasciatus",1,112.777,2
"B1-02","Pomacentridae","Abudefduf","sexfasciatus",1,107.974,2
"B1-02","Pomacentridae","Abudefduf","sexfasciatus",1,99.897,2
"B1-02","Pomacanthidae","Pomacanthus","sexstriatus",1,230.475,2
"B1-02","Acanthuridae","Ctenochaetus","striatus",1,160.42,2
"B1-02","Pomacentridae","Abudefduf","sexfasciatus",1,89.746,2
"B1-02","Pomacentridae","Abudefduf","sexfasciatus",1,133.397,2
"B1-02","Pomacentridae","Abudefduf","sexfasciatus",1,92.592,2
"B1-02","Pomacentridae","Abudefduf","bengalensis",1,154.509,2
"B1-02","Labridae","Labroides","dimidiatus",1,75.613,2
"B1-03","Labridae","Choerodon","schoenleinii",1,308.983,3
"B1-03","Scaridae","Chlorurus","sordidus",1,251.129,3
"B1-03","Scaridae","Scarus","rivulatus",1,216.899,3
"B1-03","Labridae","Thalassoma","lutescens",1,112.591,3
"B1-03","Scaridae","Chlorurus","sordidus",1,125.765,3
"B1-03","Scaridae","Chlorurus","sordidus",1,216.942,3
"B1-03","Scaridae","Chlorurus","sordidus",1,252.491,3
"B1-03","Labridae","Thalassoma","lutescens",1,160.913,3
"B1-03","Labridae","Choerodon","schoenleinii",1,240.524,3
"B1-03","Labridae","Choerodon","schoenleinii",1,308.896,3
"B1-03","Scaridae","Chlorurus","sordidus",1,143.15,3
"B1-03","Scaridae","Chlorurus","sordidus",1,235.11,3
"B1-03","Scaridae","Scarus","rivulatus",1,265.345,3
"B1-03","Scaridae","Scarus","rivulatus",1,247.084,3
"B1-03","Scaridae","Scarus","ghobban",1,225.982,3
"B1-03","Scaridae","Scarus","rivulatus",1,168.124,3
"B1-03","Scaridae","Scarus","ghobban",1,222.296,3
"B1-03","Scaridae","Scarus","rivulatus",1,162.856,3
"B1-03","Scaridae","Scarus","schlegeli",1,221.125,3
"B1-03","Scaridae","Scarus","rivulatus",1,258.333,3
"B1-03","Acanthuridae","Ctenochaetus","striatus",1,200.67,3
"B1-03","Acanthuridae","Ctenochaetus","striatus",1,183.774,3
"B1-03","Acanthuridae","Ctenochaetus","striatus",1,149.661,3
"B1-03","Scaridae","Chlorurus","sordidus",1,185,3
"B1-03","Labridae","Thalassoma","hardwicke",1,109.034,3
"B1-03","Labridae","Hemigymnus","melapterus",1,129.982,3
"B1-03","Acanthuridae","Acanthurus","triostegus",1,113.24,3
"B1-03","Acanthuridae","Ctenochaetus","striatus",1,188.866,3
"B1-03","Acanthuridae","Ctenochaetus","striatus",1,206.786,3
"B1-03","Acanthuridae","Ctenochaetus","striatus",1,284.439,3
"B1-03","Scaridae","Scarus","rivulatus",1,145.512,3
"B1-03","Scaridae","Scarus","schlegeli",1,200.099,3
"B1-03","Labridae","Hemigymnus","melapterus",1,216.145,3
"B1-03","Siganidae","Siganus","doliatus",1,192.673,3
"B1-03","Siganidae","Siganus","doliatus",1,227.001,3
"B1-03","Acanthuridae","Ctenochaetus","striatus",1,178.973,3
"B1-03","Acanthuridae","Ctenochaetus","striatus",1,149.904,3
"B1-03","Pomacanthidae","Pomacanthus","semicirculatus",1,230.649,3
"B1-03","Acanthuridae","Acanthurus","triostegus",1,168.714,3
"B1-03","Acanthuridae","Ctenochaetus","striatus",1,212.595,3
"B1-03","Acanthuridae","Ctenochaetus","striatus",1,189.398,3
"B1-03","Siganidae","Siganus","doliatus",1,167.7,3
"B1-03","Scaridae","Chlorurus","sordidus",1,164.373,3
"B1-04","Acanthuridae","Ctenochaetus","striatus",1,147.469,4
"B1-04","Labridae","Thalassoma","lutescens",1,138.682,4
"B1-04","Pomacentridae","Neoglyphidodon","nigroris",1,62.089,4
"B1-04","Pomacentridae","Pomacentrus","coelestis",1,33.153,4
"B1-04","Pomacentridae","Pomacentrus","coelestis",1,24.735,4
"B1-04","Pomacentridae","Pomacentrus","coelestis",1,31.468,4
"B1-04","Pomacentridae","Pomacentrus","milleri",1,61.652,4
"B1-04","Scaridae","Scarus","rivulatus",1,231.959,4
"B1-04","Pomacentridae","Neoglyphidodon","nigroris",1,121.417,4
"B1-04","Acanthuridae","Acanthurus","triostegus",1,155.205,4
"B1-04","Scaridae","Scarus","frenatus",1,278.968,4
"B1-04","Pomacentridae","Abudefduf","sexfasciatus",1,110.337,4
"B1-04","Acanthuridae","Ctenochaetus","striatus",1,154.348,4
"B1-04","Pomacentridae","Abudefduf","sexfasciatus",1,100.459,4
"B1-04","Pomacentridae","Abudefduf","sexfasciatus",1,107.035,4
"B1-04","Scaridae","Scarus","schlegeli",1,196.658,4
"B1-04","Scaridae","Scarus","rivulatus",1,366.231,4
"B1-04","Pomacentridae","Abudefduf","sexfasciatus",1,119.379,4
"B1-04","Pomacentridae","Abudefduf","bengalensis",1,140.519,4
"B1-04","Scaridae","Chlorurus","sordidus",1,183.041,4
"B1-04","Scaridae","Chlorurus","sordidus",1,196.235,4
"B1-04","Scaridae","Scarus","rivulatus",1,322.237,4
"B1-04","Pomacentridae","Abudefduf","bengalensis",1,153.284,4
"B1-04","Labridae","Choerodon","schoenleinii",1,317.429,4
"B1-05","Siganidae","Siganus","doliatus",1,160.891,5
"B1-05","Acanthuridae","Ctenochaetus","striatus",1,133.612,5
"B1-05","Scaridae","Chlorurus","sordidus",1,250.692,5
"B1-05","Scaridae","Scarus","schlegeli",1,238.505,5
"B1-05","Labridae","Thalassoma","lutescens",1,77.502,5
"B1-05","Scaridae","Scarus","rivulatus",1,350.25,5
"B1-05","Scaridae","Chlorurus","sordidus",1,265.994,5
"B1-05","Lutjanidae","Lutjanus","carponotatus",1,260.36,5
"B1-05","Scaridae","Scarus","prasiognathos",1,280.283,5
"B1-05","Haemulidae","Plectorhinchus","multivittatus",1,351.431,5
"B1-05","Haemulidae","Plectorhinchus","multivittatus",1,287.026,5
"B1-05","Lutjanidae","Lutjanus","carponotatus",1,307.856,5
"B1-05","Scaridae","Chlorurus","sordidus",1,304.232,5
"B1-05","Pomacentridae","Abudefduf","sexfasciatus",1,72.44,5
"B1-05","Pomacentridae","Abudefduf","sexfasciatus",1,99.721,5
"B1-05","Pomacentridae","Abudefduf","sexfasciatus",1,84.238,5
"B1-05","Pomacentridae","Abudefduf","sexfasciatus",1,93.954,5
"B1-05","Pomacentridae","Abudefduf","sexfasciatus",1,71.603,5
"B1-05","Scaridae","Chlorurus","sordidus",1,245.448,5
"B1-05","Pomacentridae","Neoglyphidodon","nigroris",1,96.607,5
"B1-05","Pomacentridae","Pomacentrus","moluccensis",1,61.447,5
"B1-05","Scaridae","Chlorurus","sordidus",1,227.855,5
"B1-05","Scaridae","Chlorurus","sordidus",1,232.723,5
"B1-05","Labridae","Hemigymnus","fasciatus",1,198.478,5
"B1-05","Pomacentridae","Abudefduf","sexfasciatus",1,107.545,5
"B1-05","Pomacentridae","Abudefduf","sexfasciatus",1,98.852,5
"B1-05","Pomacentridae","Abudefduf","sexfasciatus",1,114.747,5
"B1-05","Pomacentridae","Abudefduf","sexfasciatus",1,110.453,5
"B1-05","Scaridae","Chlorurus","sordidus",1,179.011,5
"B1-05","Scaridae","Scarus","rivulatus",1,195.368,5
"B1-05","Scaridae","Scarus","schlegeli",1,273.795,5
"B1-05","Pomacentridae","Abudefduf","sexfasciatus",1,111.904,5
"B1-05","Acanthuridae","Acanthurus","grammoptilus",1,165.088,5
"B1-05","Scaridae","Scarus","rivulatus",1,199.653,5
"B1-06","Pomacentridae","Abudefduf","sexfasciatus",1,119.906,6
"B1-06","Pomacentridae","Abudefduf","sexfasciatus",1,109.293,6
"B1-06","Caesionidae","Caesio","cuning",1,197.157,6
"B1-06","Caesionidae","Caesio","cuning",1,174.464,6
"B1-06","Caesionidae","Caesio","cuning",1,209.568,6
"B1-06","Scaridae","Scarus","rivulatus",1,151.699,6
"B1-06","Caesionidae","Caesio","cuning",1,154.361,6
"B1-06","Caesionidae","Caesio","cuning",1,165.211,6
"B1-06","Caesionidae","Caesio","cuning",1,158.353,6
"B1-06","Caesionidae","Caesio","cuning",1,190.086,6
"B1-06","Caesionidae","Caesio","cuning",1,175.048,6
"B1-06","Caesionidae","Caesio","cuning",1,146.631,6
"B1-06","Caesionidae","Caesio","cuning",1,147.345,6
"B1-06","Caesionidae","Caesio","cuning",1,151.206,6
"B1-06","Caesionidae","Caesio","cuning",1,148.724,6
"B1-06","Caesionidae","Caesio","cuning",1,155.656,6
"B1-06","Caesionidae","Caesio","cuning",1,177.039,6
"B1-06","Haemulidae","Diagramma","pictum labiosum",1,399.122,6
"B1-06","Labridae","Choerodon","schoenleinii",1,285.232,6
"B1-06","Haemulidae","Plectorhinchus","multivittatus",1,280.256,6
"B1-06","Labridae","Choerodon","schoenleinii",1,296.72,6
"B1-06","Acanthuridae","Acanthurus","grammoptilus",1,182.868,6
"B1-06","Serranidae","Epinephelus","spp",1,548.037,6
"B1-06","Labridae","Labroides","dimidiatus",1,83.426,6
"B1-06","Serranidae","Epinephelus","fasciatus",1,150.521,6
"B1-06","Labridae","Thalassoma","lunare",1,75.745,6
"B1-06","Nemipteridae","Scolopsis","bilineata",1,102.226,6
"B1-06","Pomacentridae","Dascyllus","reticulatus",1,64.301,6
"B1-06","Pomacentridae","Dascyllus","reticulatus",1,37.945,6
"B1-06","Pomacentridae","Dascyllus","reticulatus",1,40.983,6
"B1-06","Pomacentridae","Dascyllus","reticulatus",1,49.42,6
"B1-06","Pomacentridae","Pomacentrus","moluccensis",1,62.561,6
"B1-06","Pomacentridae","Neoglyphidodon","nigroris",1,74.578,6
"B1-06","Pomacentridae","Pomacentrus","moluccensis",1,65.834,6
"B1-06","Nemipteridae","Scolopsis","bilineata",1,230.882,6
"B1-06","Pomacentridae","Pomacentrus","moluccensis",1,55.128,6
"B1-06","Pomacentridae","Neoglyphidodon","nigroris",1,93.659,6
"B1-06","Pomacentridae","Neoglyphidodon","nigroris",1,89.768,6
"B1-06","Pomacentridae","Pomacentrus","moluccensis",1,55.331,6
"B1-06","Pomacentridae","Pomacentrus","moluccensis",1,68.882,6
"B1-06","Pomacentridae","Pomacentrus","moluccensis",1,60.053,6
"B1-06","Pomacentridae","Dascyllus","reticulatus",1,57.538,6
"B1-06","Pomacentridae","Neoglyphidodon","nigroris",1,78.795,6
"B1-06","Labridae","Hemigymnus","melapterus",1,133.829,6
"B1-06","Labridae","Hemigymnus","melapterus",1,172.022,6
"B1-06","Mullidae","Parupeneus","barberinoides",1,117.524,6
"B1-06","Scaridae","Scarus","schlegeli",1,109.105,6
"B1-06","Labridae","Bodianus","spp",1,82.744,6
"B1-06","Pomacentridae","Pomacentrus","milleri",1,68.044,6
"B1-06","Pomacentridae","Pomacentrus","moluccensis",1,60.263,6
"B1-06","Nemipteridae","Scolopsis","bilineata",1,196.808,6
"B1-06","Pomacentridae","Pomacentrus","moluccensis",1,67.006,6
"B1-06","Serranidae","Epinephelus","fasciatus",1,113.493,6
"B1-06","Labridae","Bodianus","axillaris",1,94.622,6
"B1-06","Pomacentridae","Neoglyphidodon","nigroris",1,81.381,6
"B1-06","Pomacentridae","Pomacentrus","moluccensis",1,64.85,6
"B2-01","Labridae","Thalassoma","lunare",1,92.985,1
"B2-01","Labridae","Thalassoma","lunare",1,88.924,1
"B2-01","Labridae","Thalassoma","lunare",1,72.361,1
"B2-02","Pomacentridae","Pomacentrus","limosus",1,53.58,2
"B2-02","Labridae","Choerodon","cauteroma",1,231.711,2
"B2-02","Labridae","Choerodon","cauteroma",1,241.794,2
"B2-02","Labridae","Choerodon","schoenleinii",1,224.753,2
"B2-02","Pomacentridae","Pomacentrus","limosus",1,79.115,2
"B2-02","Pomacentridae","Dascyllus","aruanus",1,50.4,2
"B2-02","Pomacentridae","Dascyllus","aruanus",1,50.719,2
"B2-02","Pomacentridae","Dascyllus","aruanus",1,52.162,2
"B2-02","Pomacentridae","Dascyllus","reticulatus",1,59.871,2
"B2-02","Pomacentridae","Pomacentrus","milleri",1,69.989,2
"B2-02","Lethrinidae","Lethrinus","spp",1,160.809,2
"B2-02","Mullidae","Parupeneus","barberinoides",1,136.232,2
"B2-02","Mullidae","Parupeneus","barberinoides",1,77.324,2
"B2-02","Pomacentridae","Chromis","atripectoralis",1,79.861,2
"B2-02","Pomacentridae","Pomacentrus","moluccensis",1,52.931,2
"B2-02","Chaetodontidae","Chelmon","marginalis",1,62.326,2
"B2-02","Pomacentridae","Pomacentrus","moluccensis",1,61.685,2
"B2-02","Scaridae","Chlorurus","sordidus",1,120.653,2
"B2-02","Pomacentridae","Chromis","atripectoralis",1,75.164,2
"B2-02","Pomacentridae","Neoglyphidodon","melas",1,120.938,2
"B2-03","Lutjanidae","Lutjanus","carponotatus",1,239.494,3
"B2-03","Labridae","Choerodon","schoenleinii",1,306.06,3
"B2-03","Nemipteridae","Scolopsis","bilineata",1,82.718,3
"B2-03","Labridae","Thalassoma","lunare",1,80.309,3
"B2-03","Nemipteridae","Scolopsis","bilineata",1,147.838,3
"B2-03","Pomacentridae","Neoglyphidodon","nigroris",1,92.043,3
"B2-03","Siganidae","Siganus","doliatus",1,114.084,3
"B2-03","Scaridae","Chlorurus","sordidus",1,104.166,3
"B2-03","Scaridae","Chlorurus","sordidus",1,131.189,3
"B2-03","Scaridae","Chlorurus","sordidus",1,130.17,3
"B2-03","Pomacentridae","Neoglyphidodon","nigroris",1,81.92,3
"B2-03","Pomacentridae","Neoglyphidodon","nigroris",1,89.021,3
"B2-03","Pomacentridae","Chromis","atripectoralis",1,82.529,3
"B2-03","Pomacentridae","Chromis","atripectoralis",1,66.771,3
"B2-03","Pomacentridae","Chromis","atripectoralis",1,93.584,3
"B2-03","Pomacentridae","Chromis","atripectoralis",1,86.597,3
"B2-03","Pomacentridae","Chromis","atripectoralis",1,78.412,3
"B2-03","Pomacentridae","Neoglyphidodon","nigroris",1,96.703,3
"B2-03","Pomacentridae","Neoglyphidodon","nigroris",1,69.186,3
"B2-03","Scaridae","Chlorurus","sordidus",1,141.513,3
"B2-03","Labridae","Labroides","dimidiatus",1,120.609,3
"B2-03","Pomacentridae","Dascyllus","reticulatus",1,57.846,3
"B2-03","Scaridae","Chlorurus","sordidus",1,86.23,3
"B2-03","Scaridae","Chlorurus","sordidus",1,98.519,3
"B2-03","Pomacentridae","Neoglyphidodon","nigroris",1,97.545,3
"B2-03","Pomacentridae","Pomacentrus","moluccensis",1,62.398,3
"B2-03","Pomacentridae","Pomacentrus","moluccensis",1,56.689,3
"B2-03","Labridae","Thalassoma","lunare",1,88.022,3
"B2-03","Pomacentridae","Pomacentrus","milleri",1,98.36,3
"B2-03","Labridae","Choerodon","schoenleinii",1,440.234,3
"B2-03","Pomacentridae","Neoglyphidodon","nigroris",1,81.668,3
"B2-03","Scaridae","Chlorurus","sordidus",1,179.49,3
"B2-03","Pomacentridae","Chromis","atripectoralis",1,113.666,3
"B2-03","Pomacentridae","Pomacentrus","milleri",1,84.276,3
"B2-03","Pomacentridae","Neoglyphidodon","nigroris",1,85.869,3
"B2-03","Labridae","Hemigymnus","melapterus",1,71.057,3
"B2-03","Pomacentridae","Pomacentrus","moluccensis",1,45.486,3
"B2-03","Pomacentridae","Neoglyphidodon","nigroris",1,81.128,3
"B2-03","Scaridae","Chlorurus","sordidus",1,140.363,3
"B2-03","Scaridae","Chlorurus","sordidus",1,252.976,3
"B2-03","Scaridae","Chlorurus","sordidus",1,163.912,3
"B2-03","Scaridae","Scarus","ghobban",1,157.635,3
"B2-03","Scaridae","Chlorurus","sordidus",1,213.807,3
"B2-03","Scaridae","Chlorurus","sordidus",1,192.863,3
"B2-03","Pomacentridae","Neoglyphidodon","nigroris",1,97.711,3
"B2-03","Pomacentridae","Neoglyphidodon","nigroris",1,80.183,3
"B2-03","Pomacentridae","Neoglyphidodon","nigroris",1,102.147,3
"B2-04","Pomacentridae","Neoglyphidodon","nigroris",1,71.692,4
"B2-04","Pomacentridae","Pomacentrus","milleri",1,73.865,4
"B2-04","Scaridae","Scarus","schlegeli",1,239.176,4
"B2-04","Pomacentridae","Neoglyphidodon","nigroris",1,85.033,4
"B2-04","Pomacentridae","Pomacentrus","moluccensis",1,70.745,4
"B2-04","Pomacentridae","Neoglyphidodon","nigroris",1,75.789,4
"B2-04","Pomacentridae","Pomacentrus","milleri",1,85.694,4
"B2-04","Pomacentridae","Neoglyphidodon","nigroris",1,88.548,4
"B2-04","Labridae","Thalassoma","lunare",1,98.049,4
"B2-04","Pomacentridae","Pomacentrus","milleri",1,81.571,4
"B2-04","Labridae","Thalassoma","lutescens",1,105.731,4
"B2-04","Scaridae","Chlorurus","sordidus",1,79.293,4
"B2-04","Labridae","Thalassoma","lunare",1,80.876,4
"B2-04","Nemipteridae","Scolopsis","bilineata",1,187.192,4
"B2-04","Scaridae","Chlorurus","sordidus",1,142.635,4
"B2-04","Scaridae","Scarus","rivulatus",1,194.745,4
"B2-04","Labridae","Thalassoma","lutescens",1,169.945,4
"B2-04","Labridae","Thalassoma","lunare",1,88.501,4
"B2-04","Acanthuridae","Acanthurus","spp",1,104.635,4
"B2-04","Scaridae","Chlorurus","sordidus",1,128.075,4
"B2-04","Pomacentridae","Neoglyphidodon","nigroris",1,85.341,4
"B2-04","Labridae","Thalassoma","hardwicke",1,93.726,4
"B2-04","Pomacentridae","Pomacentrus","milleri",1,63.708,4
"B2-04","Labridae","Thalassoma","lunare",1,62.664,4
"B2-04","Pomacentridae","Pomacentrus","milleri",1,61.75,4
"B2-04","Pomacentridae","Pomacentrus","milleri",1,51.658,4
"B2-04","Pomacentridae","Pomacentrus","milleri",1,69.455,4
"B2-04","Serranidae","Epinephelus","fasciatus",1,158.762,4
"B2-04","Pomacentridae","Abudefduf","sexfasciatus",1,74.958,4
"B2-05","Scaridae","Chlorurus","sordidus",1,123.014,5
"B2-05","Scaridae","Chlorurus","sordidus",1,127.787,5
"B2-05","Scaridae","Chlorurus","sordidus",1,120.853,5
"B2-05","Scaridae","Chlorurus","sordidus",1,95.69,5
"B2-05","Scaridae","Chlorurus","sordidus",1,113.498,5
"B2-05","Scaridae","Chlorurus","sordidus",1,116.375,5
"B2-05","Scaridae","Chlorurus","sordidus",1,140.078,5
"B2-05","Scaridae","Chlorurus","sordidus",1,139.242,5
"B2-05","Pomacentridae","Pomacentrus","milleri",1,73.53,5
"B2-05","Labridae","Thalassoma","lutescens",1,134.253,5
"B2-05","Labridae","Thalassoma","hardwicke",1,69.273,5
"B2-05","Pomacentridae","Pomacentrus","milleri",1,53.694,5
"B2-05","Pomacentridae","Pomacentrus","milleri",1,82.264,5
"B2-05","Labridae","Hemigymnus","melapterus",1,77.491,5
"B2-05","Pomacentridae","Pomacentrus","milleri",1,58.877,5
"B2-05","Pomacentridae","Pomacentrus","milleri",1,91.569,5
"B2-05","Labridae","Thalassoma","lutescens",1,123.025,5
"B2-05","Scaridae","Scarus","rivulatus",1,184.962,5
"B2-05","Pomacentridae","Neoglyphidodon","melas",1,84.957,5
"B2-05","Scaridae","Scarus","rivulatus",1,165.576,5
"B2-05","Scaridae","Scarus","rivulatus",1,155.921,5
"B2-05","Scaridae","Chlorurus","sordidus",1,152.934,5
"B2-05","Pomacentridae","Pomacentrus","milleri",1,66.602,5
"B2-05","Pomacentridae","Pomacentrus","milleri",1,75.274,5
"B2-05","Labridae","Thalassoma","hardwicke",1,139.407,5
"B2-05","Pomacentridae","Abudefduf","sexfasciatus",1,94.017,5
"B2-05","Pomacentridae","Abudefduf","sexfasciatus",1,78.508,5
"B2-05","Pomacentridae","Abudefduf","sexfasciatus",1,68.687,5
"B2-06","Pomacentridae","Abudefduf","sexfasciatus",1,64.751,6
"B2-06","Pomacentridae","Abudefduf","sexfasciatus",1,79.679,6
"B2-06","Scaridae","Scarus","ghobban",1,198.345,6
"B2-06","Scaridae","Chlorurus","sordidus",1,154.5,6
"B2-06","Scaridae","Chlorurus","sordidus",1,121.706,6
"B2-06","Acanthuridae","Acanthurus","triostegus",1,160.353,6
"B2-06","Scaridae","Chlorurus","sordidus",1,202.973,6
"B2-06","Pomacentridae","Neoglyphidodon","nigroris",1,79.747,6
"B2-06","Pomacentridae","Neoglyphidodon","nigroris",1,107.836,6
"B2-06","Acanthuridae","Acanthurus","triostegus",1,205.513,6
"B2-06","Acanthuridae","Acanthurus","triostegus",1,189.361,6
"B2-06","Labridae","Thalassoma","hardwicke",1,89.594,6
"B2-06","Acanthuridae","Acanthurus","triostegus",1,236.612,6
"B2-06","Acanthuridae","Acanthurus","triostegus",1,184.338,6
"B2-06","Scaridae","Chlorurus","sordidus",1,227.054,6
"B2-06","Scaridae","Chlorurus","sordidus",1,212.724,6
"B2-06","Scaridae","Scarus","rivulatus",1,174.733,6
"B2-06","Acanthuridae","Acanthurus","triostegus",1,161.551,6
"B2-06","Pomacentridae","Abudefduf","sexfasciatus",1,76.194,6
"B2-06","Scaridae","Chlorurus","sordidus",1,163.712,6
"B2-06","Scaridae","Chlorurus","sordidus",1,148.559,6
"B2-06","Pomacentridae","Abudefduf","bengalensis",1,118.797,6
"B2-06","Pomacentridae","Neoglyphidodon","nigroris",1,106.293,6
"B2-06","Nemipteridae","Scolopsis","bilineata",1,82.652,6
"B2-06","Labridae","Thalassoma","hardwicke",1,87.634,6
"B2-06","Labridae","Thalassoma","lutescens",1,111.233,6
"B2-06","Scaridae","Scarus","rivulatus",1,105.673,6
"B2-06","Scaridae","Chlorurus","sordidus",1,129.688,6
"B2-06","Scaridae","Chlorurus","sordidus",1,178.994,6
"B2-06","Scaridae","Chlorurus","sordidus",1,154.401,6
"B2-06","Pomacentridae","Neoglyphidodon","nigroris",1,105.912,6
"B2-06","Pomacentridae","Pomacentrus","milleri",1,51.461,6
"B3-01","Pomacentridae","Neoglyphidodon","nigroris",1,68.542,1
"B3-01","Pomacentridae","Neoglyphidodon","nigroris",1,73.602,1
"B3-01","Serranidae","Epinephelus","fasciatus",1,158.974,1
"B3-01","Labridae","Thalassoma","lunare",1,104.13,1
"B3-01","Pomacentridae","Pomacentrus","milleri",1,67.421,1
"B3-01","Pomacentridae","Pomacentrus","milleri",1,74.552,1
"B3-01","Pomacentridae","Pomacentrus","milleri",1,81.131,1
"B3-01","Pomacentridae","Pomacentrus","moluccensis",1,58.641,1
"B3-01","Pomacentridae","Chromis","atripectoralis",1,73.261,1
"B3-01","Nemipteridae","Scolopsis","bilineata",1,156.508,1
"B3-01","Pomacentridae","Neoglyphidodon","nigroris",1,101.374,1
"B3-01","Pomacentridae","Chromis","atripectoralis",1,66.268,1
"B3-01","Pomacentridae","Chromis","atripectoralis",1,74.005,1
"B3-01","Pomacentridae","Neoglyphidodon","nigroris",1,83.104,1
"B3-01","Serranidae","Epinephelus","fasciatus",1,168.362,1
"B3-01","Mullidae","Parupeneus","barberinoides",1,110.761,1
"B3-01","Siganidae","Siganus","doliatus",1,110.118,1
"B3-01","Pomacentridae","Chromis","atripectoralis",1,87.504,1
"B3-01","Scaridae","Scarus","rivulatus",1,123.99,1
"B3-01","Labridae","Hemigymnus","melapterus",1,76.199,1
"B3-01","Pomacentridae","Chromis","atripectoralis",1,84.867,1
"B3-01","Pomacentridae","Chromis","atripectoralis",1,86.798,1
"B3-01","Pomacentridae","Chromis","atripectoralis",1,80.021,1
"B3-01","Scaridae","Chlorurus","sordidus",1,124.859,1
"B3-01","Pomacentridae","Chromis","atripectoralis",1,81.045,1
"B3-01","Scaridae","Chlorurus","sordidus",1,132.358,1
"B3-01","Chaetodontidae","Chelmon","marginalis",1,64.231,1
"B3-02","Pomacentridae","Pomacentrus","milleri",1,67.736,2
"B3-02","Scaridae","Scarus","schlegeli",1,182.322,2
"B3-02","Labridae","Hemigymnus","melapterus",1,118.948,2
"B3-02","Pomacentridae","Pomacentrus","milleri",1,74.313,2
"B3-02","Scaridae","Chlorurus","sordidus",1,131.208,2
"B3-02","Labridae","Hemigymnus","melapterus",1,160.987,2
"B3-02","Labridae","Thalassoma","lutescens",1,92.508,2
"B3-02","Scaridae","Chlorurus","sordidus",1,130.876,2
"B3-02","Labridae","Hemigymnus","melapterus",1,102.288,2
"B3-02","Pomacentridae","Pomacentrus","milleri",1,93.244,2
"B3-02","Pomacentridae","Pomacentrus","milleri",1,55.784,2
"B3-02","Scaridae","Scaridae","spp",1,97.443,2
"B3-02","Blenniidae","Meiacanthus","grammistes",1,54.469,2
"B3-02","Scaridae","Scaridae","spp",1,66.692,2
"B3-02","Scaridae","Scaridae","spp",1,76.006,2
"B3-02","Scaridae","Scaridae","spp",1,90.127,2
"B3-02","Serranidae","Epinephelus","fasciatus",1,126.262,2
"B3-02","Labridae","Choerodon","schoenleinii",1,343.335,2
"B3-03","Labridae","Halichoeres","nebulosus",1,46.953,3
"B3-03","Labridae","Choerodon","schoenleinii",1,228.952,3
"B3-03","Pomacentridae","Pomacentrus","coelestis",1,53.552,3
"B3-03","Labridae","Choerodon","schoenleinii",1,298.81,3
"B3-03","Labridae","Choerodon","schoenleinii",1,303.622,3
"B3-03","Labridae","Choerodon","spp",1,240.558,3
"B3-03","Pomacentridae","Pomacentrus","coelestis",1,57.842,3
"B3-03","Pomacentridae","Pomacentrus","coelestis",1,51.578,3
"B3-03","Labridae","Thalassoma","lutescens",1,67.366,3
"B3-03","Pomacentridae","Pomacentrus","milleri",1,73.012,3
"B3-03","Pomacentridae","Pomacentrus","coelestis",1,42.602,3
"B3-04","Pomacentridae","Pomacentrus","milleri",1,55.971,4
"B3-04","Acanthuridae","Ctenochaetus","striatus",1,146.064,4
"B3-04","Pomacentridae","Abudefduf","bengalensis",1,153.453,4
"B3-04","Acanthuridae","Ctenochaetus","striatus",1,204.59,4
"B3-04","Pomacentridae","Abudefduf","sexfasciatus",1,92.299,4
"B3-04","Labridae","Thalassoma","lunare",1,138.919,4
"B3-04","Pomacentridae","Abudefduf","sexfasciatus",1,64.268,4
"B3-04","Pomacentridae","Abudefduf","sexfasciatus",1,75.928,4
"B3-04","Pomacentridae","Pomacentrus","milleri",1,82.681,4
"B3-04","Pomacentridae","Pomacentrus","milleri",1,79.784,4
"B3-04","Pomacentridae","Pomacentrus","milleri",1,65.604,4
"B3-04","Labridae","Choerodon","schoenleinii",1,398.73,4
"B3-04","Labridae","Choerodon","schoenleinii",1,371.56,4
"B3-04","Labridae","Thalassoma","lunare",1,89.703,4
"B3-04","Labridae","Choerodon","schoenleinii",1,403.529,4
"B3-04","Labridae","Thalassoma","hardwicke",1,104.643,4
"B3-04","Labridae","Thalassoma","lunare",1,87.254,4
"B3-04","Labridae","Choerodon","cyanodus",1,236.574,4
"B3-05","Pomacentridae","Abudefduf","bengalensis",1,131.286,5
"B3-05","Pomacentridae","Abudefduf","bengalensis",1,131.319,5
"B3-05","Pomacentridae","Abudefduf","bengalensis",1,136.407,5
"B3-05","Pomacentridae","Abudefduf","bengalensis",1,132.43,5
"B3-05","Acanthuridae","Acanthurus","grammoptilus",1,204.756,5
"B3-05","Acanthuridae","Ctenochaetus","striatus",1,144.669,5
"B3-05","Acanthuridae","Ctenochaetus","striatus",1,152.048,5
"B3-05","Acanthuridae","Ctenochaetus","striatus",1,120.792,5
"B3-05","Acanthuridae","Ctenochaetus","striatus",1,154.064,5
"B3-05","Acanthuridae","Acanthurus","grammoptilus",1,134.827,5
"B3-05","Pomacentridae","Abudefduf","bengalensis",1,157.265,5
"B3-05","Pomacentridae","Abudefduf","bengalensis",1,133.761,5
"B3-05","Pomacentridae","Abudefduf","bengalensis",1,130.748,5
"B3-05","Acanthuridae","Acanthurus","grammoptilus",1,145.25,5
"B3-05","Acanthuridae","Acanthurus","grammoptilus",1,169.588,5
"B3-05","Acanthuridae","Acanthurus","triostegus",1,175.589,5
"B3-05","Scaridae","Chlorurus","sordidus",1,130.418,5
"B3-05","Acanthuridae","Acanthurus","triostegus",1,144.668,5
"B3-05","Acanthuridae","Acanthurus","triostegus",1,129.312,5
"B3-05","Pomacentridae","Abudefduf","sexfasciatus",1,78.685,5
"B3-05","Pomacentridae","Abudefduf","sexfasciatus",1,81.789,5
"B3-05","Pomacentridae","Abudefduf","sexfasciatus",1,79.322,5
"B3-05","Pomacentridae","Abudefduf","sexfasciatus",1,78.306,5
"B3-05","Pomacentridae","Abudefduf","sexfasciatus",1,85.95,5
"B3-05","Pomacentridae","Abudefduf","sexfasciatus",1,91.484,5
"B3-05","Scaridae","Scarus","rivulatus",1,136.239,5
"B3-05","Scaridae","Scarus","rivulatus",1,135.609,5
"B3-05","Scaridae","Chlorurus","sordidus",1,139.129,5
"B3-05","Scaridae","Chlorurus","sordidus",1,118.511,5
"B3-05","Labridae","Thalassoma","lunare",1,84.822,5
"B3-05","Scaridae","Chlorurus","sordidus",1,128.271,5
"B3-05","Scaridae","Scarus","rivulatus",1,169.555,5
"B3-05","Acanthuridae","Acanthurus","grammoptilus",1,132.914,5
"B3-05","Pomacentridae","Abudefduf","sexfasciatus",1,84.469,5
"B3-05","Pomacentridae","Abudefduf","bengalensis",1,135.857,5
"B3-05","Pomacentridae","Abudefduf","bengalensis",1,137.619,5
"B3-05","Labridae","Thalassoma","lunare",1,85.856,5
"B3-05","Labridae","Thalassoma","lunare",1,86.885,5
"B3-05","Scaridae","Scarus","rivulatus",1,135.154,5
"B3-05","Labridae","Thalassoma","lunare",1,104.183,5
"B3-05","Pomacentridae","Abudefduf","sexfasciatus",1,97.018,5
"B3-05","Pomacentridae","Abudefduf","sexfasciatus",1,68.242,5
"B3-05","Pomacentridae","Abudefduf","sexfasciatus",1,80.213,5
"B3-05","Scaridae","Chlorurus","sordidus",1,109.754,5
"B3-05","Scaridae","Chlorurus","sordidus",1,113.761,5
"B3-05","Labridae","Thalassoma","hardwicke",1,111.836,5
"B3-05","Labridae","Thalassoma","lunare",1,117.556,5
"B3-05","Acanthuridae","Ctenochaetus","striatus",1,143.553,5
"B3-05","Scaridae","Chlorurus","sordidus",1,117.298,5
"B3-05","Labridae","Choerodon","cyanodus",1,226.436,5
"B3-06","Acanthuridae","Acanthurus","triostegus",1,198.695,6
"B3-06","Acanthuridae","Acanthurus","grammoptilus",1,201.644,6
"B3-06","Acanthuridae","Acanthurus","grammoptilus",1,203.467,6
"B3-06","Acanthuridae","Acanthurus","grammoptilus",1,184.124,6
"B3-06","Acanthuridae","Acanthurus","grammoptilus",1,169.913,6
"B3-06","Acanthuridae","Acanthurus","grammoptilus",1,191.684,6
"B3-06","Acanthuridae","Acanthurus","triostegus",1,186.469,6
"B3-06","Acanthuridae","Acanthurus","grammoptilus",1,187.009,6
"B3-06","Acanthuridae","Acanthurus","grammoptilus",1,190.014,6
"B3-06","Acanthuridae","Acanthurus","grammoptilus",1,190.288,6
"B3-06","Acanthuridae","Acanthurus","grammoptilus",1,185.446,6
"B3-06","Labridae","Thalassoma","lunare",1,85.784,6
"B3-06","Labridae","Thalassoma","lunare",1,110.949,6
"B3-06","Pomacentridae","Pomacentrus","milleri",1,83.985,6
"B3-06","Acanthuridae","Acanthurus","grammoptilus",1,256.948,6
"B3-06","Acanthuridae","Acanthurus","grammoptilus",1,187.54,6
"B3-06","Acanthuridae","Acanthurus","grammoptilus",1,180.552,6
"B3-06","Acanthuridae","Acanthurus","grammoptilus",1,195.758,6
"B3-06","Acanthuridae","Acanthurus","grammoptilus",1,173.942,6
"B3-06","Acanthuridae","Acanthurus","grammoptilus",1,181.181,6
"B3-06","Acanthuridae","Acanthurus","grammoptilus",1,183.882,6
"B3-06","Acanthuridae","Acanthurus","grammoptilus",1,184.879,6
"B3-06","Acanthuridae","Acanthurus","grammoptilus",1,179.234,6
"B3-06","Acanthuridae","Acanthurus","grammoptilus",1,171.811,6
"B3-06","Acanthuridae","Acanthurus","grammoptilus",1,168.257,6
"B3-06","Acanthuridae","Ctenochaetus","striatus",1,158.708,6
"B3-06","Acanthuridae","Ctenochaetus","striatus",1,200.897,6
"B3-06","Labridae","Thalassoma","lunare",1,115.287,6
"B3-06","Labridae","Thalassoma","lunare",1,91.383,6
"B3-06","Labridae","Thalassoma","lunare",1,82.228,6
"B3-06","Labridae","Thalassoma","lunare",1,109.466,6
"B3-06","Labridae","Thalassoma","lunare",1,60.739,6
"B3-06","Labridae","Thalassoma","lunare",1,63.773,6
"B3-06","Labridae","Thalassoma","lunare",1,103.973,6
"B3-06","Labridae","Thalassoma","lunare",1,103.924,6
"B3-06","Labridae","Thalassoma","lunare",1,87.21,6
"B3-06","Labridae","Thalassoma","lunare",1,108.687,6
"B3-06","Labridae","Choerodon","schoenleinii",1,265.712,6
"B4-01","Acanthuridae","Acanthurus","triostegus",1,138.346,1
"B4-01","Acanthuridae","Acanthurus","triostegus",1,129.477,1
"B4-01","Lutjanidae","Lutjanus","carponotatus",1,205.75,1
"B4-01","Pomacentridae","Abudefduf","bengalensis",1,129.771,1
"B4-01","Labridae","Thalassoma","lunare",1,178.199,1
"B4-01","Labridae","Thalassoma","lunare",1,117.811,1
"B4-01","Acanthuridae","Ctenochaetus","striatus",1,199.678,1
"B4-01","Acanthuridae","Ctenochaetus","striatus",1,185.843,1
"B4-01","Pomacentridae","Pomacentrus","coelestis",1,55.408,1
"B4-01","Pomacentridae","Pomacentrus","coelestis",1,58.481,1
"B4-01","Pomacentridae","Pomacentrus","coelestis",1,50.575,1
"B4-01","Pomacentridae","Pomacentrus","coelestis",1,40.416,1
"B4-01","Pomacentridae","Pomacentrus","coelestis",1,44.404,1
"B4-01","Acanthuridae","Ctenochaetus","striatus",1,226.547,1
"B4-01","Scaridae","Scarus","rivulatus",1,173.128,1
"B4-01","Pomacentridae","Abudefduf","bengalensis",1,132.614,1
"B4-01","Pomacentridae","Abudefduf","bengalensis",1,150.013,1
"B4-01","Scaridae","Chlorurus","sordidus",1,168.506,1
"B4-01","Acanthuridae","Ctenochaetus","striatus",1,154.619,1
"B4-01","Acanthuridae","Ctenochaetus","striatus",1,170.865,1
"B4-01","Acanthuridae","Ctenochaetus","striatus",1,155.72,1
"B4-01","Scaridae","Chlorurus","sordidus",1,148.931,1
"B4-01","Scaridae","Chlorurus","sordidus",1,193.044,1
"B4-01","Acanthuridae","Ctenochaetus","striatus",1,175.591,1
"B4-01","Acanthuridae","Acanthurus","triostegus",1,157.943,1
"B4-01","Acanthuridae","Ctenochaetus","striatus",1,202.68,1
"B4-01","Scaridae","Chlorurus","sordidus",1,163.499,1
"B4-01","Acanthuridae","Ctenochaetus","striatus",1,177.274,1
"B4-01","Scaridae","Chlorurus","sordidus",1,174.432,1
"B4-01","Labridae","Thalassoma","lunare",1,123.18,1
"B4-01","Scaridae","Chlorurus","sordidus",1,157.628,1
"B4-01","Labridae","Choerodon","spp",1,157.987,1
"B4-01","Scaridae","Chlorurus","sordidus",1,240.031,1
"B4-01","Scaridae","Scarus","rivulatus",1,206.037,1
"B4-01","Acanthuridae","Ctenochaetus","striatus",1,156.374,1
"B4-01","Acanthuridae","Ctenochaetus","striatus",1,220.653,1
"B4-01","Scaridae","Chlorurus","sordidus",1,167.172,1
"B4-01","Acanthuridae","Ctenochaetus","striatus",1,206.636,1
"B4-01","Acanthuridae","Ctenochaetus","striatus",1,171.784,1
"B4-01","Scaridae","Chlorurus","sordidus",1,251.083,1
"B4-01","Acanthuridae","Ctenochaetus","striatus",1,164.544,1
"B4-01","Chaetodontidae","Chaetodon","trifascialis",1,114.888,1
"B4-01","Acanthuridae","Ctenochaetus","striatus",1,213.038,1
"B4-01","Acanthuridae","Ctenochaetus","striatus",1,168.955,1
"B4-01","Acanthuridae","Ctenochaetus","striatus",1,189.671,1
"B4-01","Acanthuridae","Ctenochaetus","striatus",1,194.345,1
"B4-01","Acanthuridae","Ctenochaetus","striatus",1,197.524,1
"B4-01","Acanthuridae","Ctenochaetus","striatus",1,177.906,1
"B4-01","Scaridae","Chlorurus","sordidus",1,263.503,1
"B4-01","Acanthuridae","Ctenochaetus","striatus",1,212.336,1
"B4-01","Acanthuridae","Ctenochaetus","striatus",1,205.776,1
"B4-01","Scaridae","Chlorurus","sordidus",1,260.36,1
"B4-01","Acanthuridae","Acanthurus","triostegus",1,170.799,1
"B4-01","Scaridae","Chlorurus","sordidus",1,221.488,1
"B4-01","Scaridae","Scarus","rivulatus",1,210.802,1
"B4-01","Scaridae","Scarus","rivulatus",1,180.036,1
"B4-01","Scaridae","Scarus","rivulatus",1,174.608,1
"B4-01","Scaridae","Scarus","rivulatus",1,227.661,1
"B4-02","Labridae","Thalassoma","lunare",1,125.931,2
"B4-02","Labridae","Thalassoma","lunare",1,144.819,2
"B4-02","Labridae","Thalassoma","lunare",1,111.432,2
"B4-02","Labridae","Thalassoma","lunare",1,108.603,2
"B4-02","Labridae","Thalassoma","lunare",1,104.5,2
"B4-02","Labridae","Thalassoma","lunare",1,79.071,2
"B4-02","Labridae","Thalassoma","lunare",1,101.088,2
"B4-02","Labridae","Thalassoma","lunare",1,99.584,2
"B4-03","Labridae","Thalassoma","lunare",1,136.85,3
"B4-03","Labridae","Halichoeres","nebulosus",1,90.35,3
"B4-03","Pomacentridae","Abudefduf","bengalensis",1,142.251,3
"B4-03","Scaridae","Chlorurus","sordidus",1,253.347,3
"B4-03","Scaridae","Chlorurus","sordidus",1,200.183,3
"B4-03","Scaridae","Chlorurus","sordidus",1,214.061,3
"B4-03","Scaridae","Chlorurus","sordidus",1,163.726,3
"B4-03","Labridae","Gomphosus","varius",1,119.607,3
"B4-03","Labridae","Gomphosus","varius",1,149.073,3
"B4-03","Acanthuridae","Acanthurus","triostegus",1,176.497,3
"B4-03","Labridae","Thalassoma","lunare",1,71.219,3
"B4-03","Pomacentridae","Pomacentrus","coelestis",1,55.226,3
"B4-03","Labridae","Thalassoma","lunare",1,75.55,3
"B4-04","Scaridae","Chlorurus","sordidus",1,168.225,4
"B4-04","Scaridae","Chlorurus","sordidus",1,164.405,4
"B4-04","Scaridae","Chlorurus","sordidus",1,162.309,4
"B4-04","Scaridae","Chlorurus","sordidus",1,117.902,4
"B4-04","Labridae","Hemigymnus","fasciatus",1,139.034,4
"B4-04","Scaridae","Chlorurus","sordidus",1,137.258,4
"B4-04","Scaridae","Chlorurus","sordidus",1,155.322,4
"B4-04","Scaridae","Chlorurus","sordidus",1,196.104,4
"B4-04","Labridae","Gomphosus","varius",1,117.475,4
"B4-04","Scaridae","Chlorurus","sordidus",1,100.921,4
"B4-04","Scaridae","Chlorurus","sordidus",1,108.79,4
"B4-04","Scaridae","Chlorurus","sordidus",1,166.4,4
"B4-04","Scaridae","Chlorurus","sordidus",1,111.227,4
"B4-04","Scaridae","Scarus","rivulatus",1,110.783,4
"B4-04","Scaridae","Chlorurus","sordidus",1,117.1,4
"B4-04","Scaridae","Scarus","rivulatus",1,103.216,4
"B4-04","Labridae","Thalassoma","lunare",1,67.817,4
"B4-04","Labridae","Thalassoma","lunare",1,86.956,4
"B4-04","Labridae","Thalassoma","lunare",1,64.036,4
"B4-04","Labridae","Thalassoma","hardwicke",1,85.36,4
"B4-04","Labridae","Thalassoma","hardwicke",1,106.007,4
"B4-04","Labridae","Gomphosus","varius",1,111.22,4
"B4-05","Pomacentridae","Abudefduf","bengalensis",1,129.81,5
"B4-05","Siganidae","Siganus","fuscescens",1,245.798,5
"B4-05","Scaridae","Scarus","rivulatus",1,141.587,5
"B4-05","Scaridae","Chlorurus","sordidus",1,247.802,5
"B4-05","Scaridae","Chlorurus","sordidus",1,237.638,5
"B4-05","Scaridae","Chlorurus","sordidus",1,194.095,5
"B4-05","Labridae","Choerodon","cyanodus",1,254.036,5
"B4-05","Labridae","Thalassoma","lunare",1,59.689,5
"B4-05","Labridae","Thalassoma","hardwicke",1,65.625,5
"B4-05","Labridae","Gomphosus","varius",1,106.045,5
"B4-05","Acanthuridae","Acanthurus","triostegus",1,99.685,5
"B4-05","Labridae","Thalassoma","lunare",1,113.554,5
"B4-05","Labridae","Thalassoma","lunare",1,76.984,5
"B4-05","Labridae","Choerodon","cyanodus",1,166.573,5
"B4-05","Scaridae","Chlorurus","sordidus",1,187.109,5
"B4-05","Scaridae","Chlorurus","sordidus",1,187.391,5
"B4-05","Scaridae","Chlorurus","sordidus",1,167.349,5
"B4-05","Labridae","Thalassoma","lunare",1,87.521,5
"B4-05","Labridae","Thalassoma","lunare",1,108.059,5
"B4-05","Scaridae","Chlorurus","sordidus",1,167.675,5
"B4-05","Scaridae","Chlorurus","sordidus",1,186.209,5
"B4-05","Labridae","Thalassoma","lunare",1,115.917,5
"B4-05","Labridae","Thalassoma","lunare",1,112.399,5
"B4-05","Scaridae","Scarus","rivulatus",1,135.297,5
"B4-05","Pomacentridae","Abudefduf","sexfasciatus",1,98.857,5
"B4-05","Scaridae","Scarus","rivulatus",1,82.657,5
"B4-05","Scaridae","Scarus","rivulatus",1,88.789,5
"B4-05","Pomacentridae","Abudefduf","sexfasciatus",1,74.126,5
"B4-05","Pomacentridae","Abudefduf","sexfasciatus",1,92.946,5
"B4-05","Labridae","Thalassoma","lunare",1,139.523,5
"B4-05","Pomacentridae","Abudefduf","sexfasciatus",1,98.493,5
"B4-05","Scaridae","Chlorurus","sordidus",1,139.122,5
"B4-05","Labridae","Hemigymnus","melapterus",1,90.322,5
"B4-05","Acanthuridae","Acanthurus","grammoptilus",1,123.929,5
"B4-05","Pomacanthidae","Pomacanthus","sexstriatus",1,131.509,5
"B4-05","Labridae","Thalassoma","lunare",1,81.939,5
"B4-05","Scaridae","Chlorurus","sordidus",1,118.891,5
"B4-05","Pomacentridae","Pomacentrus","moluccensis",1,62.5,5
"B4-06","Mullidae","Parupeneus","barberinoides",1,142.151,6
"B4-06","Scaridae","Scarus","rivulatus",1,198.103,6
"B4-06","Mullidae","Parupeneus","barberinoides",1,132.457,6
"B4-06","Labridae","Thalassoma","hardwicke",1,74.855,6
"B4-06","Pomacentridae","Pomacentrus","moluccensis",1,62.049,6
"B4-06","Pomacentridae","Pomacentrus","moluccensis",1,67.629,6
"B4-06","Labridae","Thalassoma","lunare",1,74.758,6
"B4-06","Pomacentridae","Abudefduf","sexfasciatus",1,94.249,6
"B4-06","Pomacentridae","Abudefduf","sexfasciatus",1,88.377,6
"B4-06","Labridae","Cheilinus","trilobatus",1,130.564,6
"B4-06","Pomacentridae","Abudefduf","sexfasciatus",1,98.649,6
"B4-06","Pomacentridae","Pomacentrus","moluccensis",1,65.162,6
"B4-06","Pomacentridae","Abudefduf","sexfasciatus",1,98.893,6
"B4-06","Pomacentridae","Abudefduf","sexfasciatus",1,112.426,6
"B4-06","Pomacentridae","Abudefduf","sexfasciatus",1,101.724,6
"B4-06","Labridae","Gomphosus","varius",1,173.871,6
"B4-06","Pomacentridae","Pomacentrus","moluccensis",1,59.782,6
"B4-06","Pomacentridae","Abudefduf","sexfasciatus",1,109.539,6
"B4-06","Pomacentridae","Abudefduf","sexfasciatus",1,111.303,6
"B4-06","Pomacentridae","Abudefduf","sexfasciatus",1,98.375,6
"B4-06","Labridae","Thalassoma","lunare",1,120.721,6
"B4-06","Scaridae","Chlorurus","sordidus",1,141.471,6
"B4-06","Scaridae","Scarus","rivulatus",1,124.077,6
"B4-06","Pomacentridae","Abudefduf","sexfasciatus",1,70.499,6
"B4-06","Pomacentridae","Abudefduf","sexfasciatus",1,63.151,6
"B4-06","Pomacentridae","Abudefduf","sexfasciatus",1,85.331,6
"B4-06","Pomacentridae","Abudefduf","sexfasciatus",1,71.838,6
"B4-06","Pomacentridae","Abudefduf","sexfasciatus",1,83.887,6
"B4-06","Scaridae","Chlorurus","sordidus",1,143.462,6
"B4-06","Scaridae","Chlorurus","sordidus",1,117.679,6
"B4-06","Labridae","Thalassoma","hardwicke",1,141.842,6
"B4-06","Pomacentridae","Abudefduf","bengalensis",1,82.485,6
"B4-06","Scaridae","Chlorurus","sordidus",1,150.819,6
"B4-06","Labridae","Thalassoma","lunare",1,127.926,6
"B4-06","Labridae","Cheilinus","trilobatus",1,132.421,6
"B4-06","Scaridae","Scarus","rivulatus",1,158.099,6
"B4-06","Scaridae","Chlorurus","sordidus",1,122.384,6
"B4-06","Scaridae","Chlorurus","sordidus",1,121.703,6
"B4-06","Pomacentridae","Pomacentrus","moluccensis",1,47.045,6
"B4-06","Labridae","Thalassoma","hardwicke",1,82.898,6
"B4-06","Labridae","Thalassoma","hardwicke",1,72.958,6
"T1-01","Scaridae","Chlorurus","sordidus",1,172.659,1
"T1-01","Chaetodontidae","Chaetodon","plebeius",1,113.407,1
"T1-01","Pomacentridae","Pomacentrus","moluccensis",1,68.217,1
"T1-01","Scaridae","Chlorurus","sordidus",1,183.953,1
"T1-01","Labridae","Thalassoma","hardwicke",1,82.041,1
"T1-01","Labridae","Hologymnosus","annulatus",1,111.285,1
"T1-01","Acanthuridae","Ctenochaetus","striatus",1,125.978,1
"T1-01","Labridae","Hologymnosus","annulatus",1,253.74,1
"T1-01","Scaridae","Chlorurus","sordidus",1,194.808,1
"T1-01","Scaridae","Chlorurus","sordidus",1,164.261,1
"T1-01","Scaridae","Chlorurus","sordidus",1,158.324,1
"T1-01","Scaridae","Chlorurus","sordidus",1,239.998,1
"T1-01","Scaridae","Chlorurus","sordidus",1,178.469,1
"T1-01","Scaridae","Chlorurus","sordidus",1,191.328,1
"T1-01","Scaridae","Chlorurus","sordidus",1,221.183,1
"T1-01","Scaridae","Chlorurus","sordidus",1,154.777,1
"T1-01","Scaridae","Chlorurus","sordidus",1,178.69,1
"T1-01","Labridae","Labrichthys","unilineatus",1,139.957,1
"T1-01","Scaridae","Chlorurus","sordidus",1,173.885,1
"T1-01","Scaridae","Chlorurus","sordidus",1,187.212,1
"T1-01","Scaridae","Chlorurus","sordidus",1,187.984,1
"T1-01","Scaridae","Chlorurus","sordidus",1,149.711,1
"T1-01","Scaridae","Chlorurus","sordidus",1,137.972,1
"T1-01","Scaridae","Chlorurus","sordidus",1,171.477,1
"T1-01","Scaridae","Chlorurus","sordidus",1,185.106,1
"T1-01","Monacanthidae","Oxymonacanthus","longirostris",1,102.721,1
"T1-01","Monacanthidae","Oxymonacanthus","longirostris",1,80.981,1
"T1-01","Scaridae","Chlorurus","sordidus",1,184.301,1
"T1-01","Scaridae","Chlorurus","sordidus",1,157.66,1
"T1-01","Scaridae","Chlorurus","sordidus",1,158.476,1
"T1-01","Scaridae","Chlorurus","sordidus",1,171.577,1
"T1-01","Scaridae","Chlorurus","sordidus",1,186.661,1
"T1-01","Acanthuridae","Ctenochaetus","striatus",1,193.041,1
"T1-01","Scaridae","Chlorurus","sordidus",1,98.827,1
"T1-01","Acanthuridae","Ctenochaetus","striatus",1,118.375,1
"T1-01","Scaridae","Chlorurus","sordidus",1,213.221,1
"T1-01","Acanthuridae","Ctenochaetus","striatus",1,220.269,1
"T1-01","Acanthuridae","Ctenochaetus","striatus",1,212.72,1
"T1-01","Acanthuridae","Ctenochaetus","striatus",1,195.451,1
"T1-01","Siganidae","Siganus","spp",1,241.673,1
"T1-01","Acanthuridae","Ctenochaetus","striatus",1,209.361,1
"T1-01","Acanthuridae","Ctenochaetus","striatus",1,202.762,1
"T1-01","Acanthuridae","Ctenochaetus","striatus",1,187.79,1
"T1-01","Acanthuridae","Acanthurus","triostegus",1,154.835,1
"T1-01","Siganidae","Siganus","spp",1,266.262,1
"T1-01","Acanthuridae","Ctenochaetus","striatus",1,213.855,1
"T1-01","Acanthuridae","Ctenochaetus","striatus",1,210.156,1
"T1-01","Siganidae","Siganus","spp",1,257.495,1
"T1-01","Acanthuridae","Ctenochaetus","striatus",1,196.933,1
"T1-01","Siganidae","Siganus","spp",1,239.546,1
"T1-01","Acanthuridae","Ctenochaetus","striatus",1,233.858,1
"T1-02","Acanthuridae","Ctenochaetus","striatus",1,148.635,2
"T1-02","Scaridae","Chlorurus","sordidus",1,118.782,2
"T1-02","Acanthuridae","Ctenochaetus","striatus",1,184.034,2
"T1-02","Acanthuridae","Acanthurus","triostegus",1,229.233,2
"T1-02","Acanthuridae","Ctenochaetus","striatus",1,215.247,2
"T1-02","Acanthuridae","Ctenochaetus","striatus",1,201.987,2
"T1-02","Acanthuridae","Ctenochaetus","striatus",1,190.155,2
"T1-02","Acanthuridae","Ctenochaetus","striatus",1,203.289,2
"T1-02","Scaridae","Chlorurus","sordidus",1,225.141,2
"T1-02","Scaridae","Chlorurus","sordidus",1,105.641,2
"T1-02","Scaridae","Chlorurus","sordidus",1,137.629,2
"T1-02","Scaridae","Chlorurus","sordidus",1,109.092,2
"T1-02","Scaridae","Chlorurus","sordidus",1,125.418,2
"T1-02","Acanthuridae","Zebrasoma","scopas",1,148.155,2
"T1-02","Acanthuridae","Ctenochaetus","striatus",1,201.144,2
"T1-02","Acanthuridae","Ctenochaetus","striatus",1,210.705,2
"T1-02","Acanthuridae","Ctenochaetus","striatus",1,160.199,2
"T1-02","Chaetodontidae","Chaetodon","lunulatus",1,108.421,2
"T1-02","Chaetodontidae","Chaetodon","lunulatus",1,106.614,2
"T1-02","Scaridae","Chlorurus","sordidus",1,237.537,2
"T1-02","Acanthuridae","Zebrasoma","scopas",1,189.222,2
"T1-02","Scaridae","Chlorurus","sordidus",1,253.953,2
"T1-03","Acanthuridae","Acanthurus","triostegus",1,159.995,3
"T1-03","Acanthuridae","Acanthurus","triostegus",1,149.858,3
"T1-03","Acanthuridae","Acanthurus","triostegus",1,168.522,3
"T1-03","Acanthuridae","Acanthurus","triostegus",1,158.869,3
"T1-03","Acanthuridae","Ctenochaetus","striatus",1,154.374,3
"T1-03","Acanthuridae","Zebrasoma","scopas",1,156.615,3
"T1-03","Acanthuridae","Acanthurus","triostegus",1,167.797,3
"T1-03","Acanthuridae","Acanthurus","triostegus",1,174.191,3
"T1-03","Acanthuridae","Acanthurus","triostegus",1,179.306,3
"T1-03","Acanthuridae","Ctenochaetus","striatus",1,231.389,3
"T1-03","Acanthuridae","Acanthurus","triostegus",1,183.574,3
"T1-03","Scaridae","Chlorurus","sordidus",1,240.601,3
"T1-03","Scaridae","Chlorurus","sordidus",1,209.05,3
"T1-03","Labridae","Thalassoma","hardwicke",1,119.491,3
"T1-03","Scaridae","Chlorurus","sordidus",1,218.052,3
"T1-03","Scaridae","Chlorurus","sordidus",1,256.353,3
"T1-03","Scaridae","Chlorurus","sordidus",1,178.465,3
"T1-03","Labridae","Thalassoma","hardwicke",1,67.26,3
"T1-03","Scaridae","Chlorurus","sordidus",1,166.264,3
"T1-03","Chaetodontidae","Chaetodon","plebeius",1,73.545,3
"T1-03","Pomacentridae","Neoglyphidodon","nigroris",1,95.496,3
"T1-03","Labridae","Hemigymnus","melapterus",1,247.423,3
"T1-03","Scaridae","Chlorurus","sordidus",1,242.737,3
"T1-03","Acanthuridae","Zebrasoma","scopas",1,184.367,3
"T1-04","Acanthuridae","Zebrasoma","scopas",1,110.428,4
"T1-04","Pomacentridae","Neoglyphidodon","nigroris",1,122.663,4
"T1-04","Scaridae","Chlorurus","sordidus",1,146.795,4
"T1-04","Labridae","Hemigymnus","fasciatus",1,189.362,4
"T1-04","Acanthuridae","Ctenochaetus","striatus",1,148.38,4
"T1-04","Scaridae","Chlorurus","sordidus",1,173.756,4
"T1-04","Scaridae","Scaridae","spp",1,117.127,4
"T1-04","Pomacentridae","Pomacentrus","moluccensis",1,90.44,4
"T1-04","Labridae","Labroides","dimidiatus",1,67.414,4
"T1-04","Scaridae","Chlorurus","sordidus",1,179.88,4
"T1-04","Scaridae","Chlorurus","sordidus",1,190.055,4
"T1-04","Scaridae","Chlorurus","sordidus",1,282.796,4
"T1-04","Scaridae","Chlorurus","sordidus",1,201.163,4
"T1-04","Scaridae","Chlorurus","sordidus",1,141.946,4
"T1-04","Scaridae","Chlorurus","sordidus",1,204.473,4
"T1-04","Scaridae","Chlorurus","sordidus",1,178.943,4
"T1-04","Scaridae","Chlorurus","sordidus",1,143.989,4
"T1-04","Scaridae","Chlorurus","sordidus",1,220.338,4
"T1-04","Scaridae","Chlorurus","sordidus",1,149.529,4
"T1-04","Scaridae","Chlorurus","sordidus",1,174.106,4
"T1-04","Labridae","Labrichthys","unilineatus",1,130.954,4
"T1-04","Scaridae","Chlorurus","sordidus",1,249.107,4
"T1-04","Scaridae","Chlorurus","sordidus",1,223.925,4
"T1-04","Scaridae","Chlorurus","sordidus",1,143.631,4
"T1-04","Scaridae","Chlorurus","sordidus",1,228.433,4
"T1-04","Scaridae","Chlorurus","sordidus",1,190.221,4
"T1-04","Scaridae","Chlorurus","sordidus",1,183.275,4
"T1-04","Scaridae","Chlorurus","sordidus",1,160.96,4
"T1-04","Scaridae","Chlorurus","sordidus",1,178.254,4
"T1-04","Scaridae","Chlorurus","sordidus",1,161.962,4
"T1-04","Scaridae","Chlorurus","sordidus",1,148.044,4
"T1-04","Scaridae","Chlorurus","sordidus",1,136.291,4
"T1-04","Scaridae","Chlorurus","sordidus",1,184.718,4
"T1-04","Scaridae","Chlorurus","sordidus",1,230.338,4
"T1-04","Scaridae","Chlorurus","sordidus",1,184.312,4
"T1-04","Scaridae","Chlorurus","sordidus",1,131.799,4
"T1-04","Scaridae","Chlorurus","sordidus",1,111.11,4
"T1-04","Scaridae","Chlorurus","sordidus",1,184.132,4
"T1-04","Scaridae","Chlorurus","sordidus",1,225.118,4
"T1-04","Scaridae","Chlorurus","sordidus",1,233.731,4
"T1-04","Scaridae","Chlorurus","sordidus",1,164.024,4
"T1-04","Scaridae","Chlorurus","sordidus",1,184.067,4
"T1-04","Scaridae","Chlorurus","sordidus",1,207.048,4
"T1-04","Pomacentridae","Pomacentrus","moluccensis",1,63.786,4
"T1-04","Scaridae","Chlorurus","sordidus",1,207.11,4
"T1-04","Scaridae","Chlorurus","sordidus",1,283.383,4
"T1-04","Scaridae","Chlorurus","sordidus",1,231.955,4
"T1-04","Scaridae","Chlorurus","sordidus",1,253.228,4
"T1-04","Scaridae","Chlorurus","sordidus",1,244.992,4
"T1-04","Chaetodontidae","Chaetodon","lunulatus",1,121.35,4
"T1-04","Scaridae","Chlorurus","sordidus",1,156.916,4
"T1-04","Scaridae","Chlorurus","sordidus",1,134.994,4
"T1-04","Scaridae","Chlorurus","sordidus",1,126.132,4
"T1-04","Scaridae","Chlorurus","sordidus",1,97.911,4
"T1-04","Scaridae","Scarus","schlegeli",1,273.086,4
"T1-05","Pomacentridae","Pomacentrus","moluccensis",1,60.801,5
"T1-05","Scaridae","Chlorurus","sordidus",1,158.895,5
"T1-05","Acanthuridae","Ctenochaetus","striatus",1,86.894,5
"T1-05","Labridae","Hemigymnus","fasciatus",1,154.803,5
"T1-05","Chaetodontidae","Chaetodon","plebeius",1,87.656,5
"T1-05","Scaridae","Chlorurus","sordidus",1,184.915,5
"T1-05","Scaridae","Chlorurus","sordidus",1,174.379,5
"T1-05","Scaridae","Chlorurus","sordidus",1,150.075,5
"T1-05","Scaridae","Chlorurus","sordidus",1,227.039,5
"T1-05","Haemulidae","Plectorhinchus","spp",1,301.785,5
"T1-05","Scaridae","Chlorurus","sordidus",1,181.735,5
"T1-05","Chaetodontidae","Chaetodon","trifascialis",1,108.967,5
"T1-05","Scaridae","Chlorurus","sordidus",1,178.344,5
"T1-05","Labridae","Hemigymnus","melapterus",1,174.943,5
"T1-05","Acanthuridae","Ctenochaetus","striatus",1,132.013,5
"T1-05","Scaridae","Chlorurus","sordidus",1,151.372,5
"T1-05","Pomacentridae","Pomacentrus","moluccensis",1,74.617,5
"T1-05","Chaetodontidae","Chaetodon","trifascialis",1,90.667,5
"T1-05","Pomacentridae","Neoglyphidodon","nigroris",1,111.615,5
"T1-05","Scaridae","Chlorurus","sordidus",1,124.695,5
"T1-05","Acanthuridae","Zebrasoma","scopas",1,125.837,5
"T1-05","Pomacentridae","Neoglyphidodon","nigroris",1,107.632,5
"T1-05","Latidae","Psammoperca","datnioides",1,233.283,5
"T1-05","Labridae","Epibulus","insidiator",1,192.704,5
"T1-05","Haemulidae","Plectorhinchus","spp",1,305.011,5
"T1-06","Nemipteridae","Scolopsis","bilineata",1,177.725,6
"T1-06","Acanthuridae","Zebrasoma","scopas",1,156.92,6
"T1-06","Pomacentridae","Neoglyphidodon","nigroris",1,111.299,6
"T1-06","Scaridae","Chlorurus","sordidus",1,236.078,6
"T1-06","Scaridae","Chlorurus","sordidus",1,149.89,6
"T1-06","Scaridae","Chlorurus","sordidus",1,118.404,6
"T1-06","Acanthuridae","Zebrasoma","scopas",1,107.441,6
"T1-06","Pomacentridae","Neoglyphidodon","nigroris",1,115.732,6
"T1-06","Pomacentridae","Dascyllus","aruanus",1,50.582,6
"T1-06","Pomacentridae","Pomacentrus","moluccensis",1,69.705,6
"T1-06","Labridae","Epibulus","insidiator",1,183.805,6
"T1-06","Acanthuridae","Ctenochaetus","striatus",1,174.93,6
"T1-06","Acanthuridae","Ctenochaetus","striatus",1,193.739,6
"T1-06","Acanthuridae","Zebrasoma","scopas",1,130.655,6
"T1-06","Labridae","Thalassoma","lunare",1,164.42,6
"T1-06","Scaridae","Chlorurus","sordidus",1,153.072,6
"T1-06","Scaridae","Chlorurus","sordidus",1,145.011,6
"T1-06","Labridae","Thalassoma","lutescens",1,151.061,6
"T1-06","Labridae","Thalassoma","lunare",1,131.846,6
"T1-06","Labridae","Thalassoma","lutescens",1,160.487,6
"T2-01","Scaridae","Chlorurus","sordidus",1,187.68,1
"T2-01","Scaridae","Chlorurus","sordidus",1,164.377,1
"T2-01","Scaridae","Chlorurus","sordidus",1,244.196,1
"T2-01","Pomacentridae","Pomacentrus","moluccensis",1,76.132,1
"T2-01","Scaridae","Chlorurus","sordidus",1,185.544,1
"T2-01","Pomacentridae","Pomacentrus","moluccensis",1,56.525,1
"T2-01","Pomacentridae","Pomacentrus","moluccensis",1,88.448,1
"T2-01","Labridae","Labrichthys","unilineatus",1,91.741,1
"T2-01","Scaridae","Chlorurus","sordidus",1,71.574,1
"T2-01","Scaridae","Chlorurus","sordidus",1,127.515,1
"T2-01","Labridae","Thalassoma","hardwicke",1,52.423,1
"T2-01","Labridae","Hemigymnus","melapterus",1,109.485,1
"T2-01","Labridae","Labrichthys","unilineatus",1,94.922,1
"T2-01","Scaridae","Chlorurus","sordidus",1,225.144,1
"T2-01","Pomacentridae","Neoglyphidodon","nigroris",1,109.477,1
"T2-01","Labridae","Labrichthys","unilineatus",1,115.343,1
"T2-02","Scaridae","Chlorurus","sordidus",1,218.04,2
"T2-02","Scaridae","Scaridae","spp",1,120.544,2
"T2-02","Scaridae","Scaridae","spp",1,111.164,2
"T2-02","Acanthuridae","Ctenochaetus","striatus",1,102.438,2
"T2-02","Scaridae","Chlorurus","sordidus",1,179.011,2
"T2-02","Scaridae","Chlorurus","sordidus",1,163.443,2
"T2-02","Scaridae","Chlorurus","sordidus",1,169.12,2
"T2-02","Labridae","Thalassoma","hardwicke",1,94.302,2
"T2-02","Mullidae","Parupeneus","barberinoides",1,126.917,2
"T2-02","Scaridae","Chlorurus","sordidus",1,170.089,2
"T2-02","Zanclidae","Zanclus","cornutus",1,129.764,2
"T2-02","Labridae","Labrichthys","unilineatus",1,129.209,2
"T2-02","Scaridae","Chlorurus","sordidus",1,185.101,2
"T2-02","Scaridae","Chlorurus","sordidus",1,192.431,2
"T2-02","Pomacentridae","Chromis","atripectoralis",1,65.781,2
"T2-02","Pomacentridae","Chromis","atripectoralis",1,66.199,2
"T2-02","Pomacentridae","Pomacentrus","moluccensis",1,70.691,2
"T2-02","Scaridae","Chlorurus","sordidus",1,193.633,2
"T2-02","Labridae","Thalassoma","lutescens",1,128.902,2
"T2-02","Scaridae","Chlorurus","sordidus",1,209.568,2
"T2-02","Scaridae","Chlorurus","sordidus",1,151.786,2
"T2-02","Pomacentridae","Pomacentrus","moluccensis",1,63.71,2
"T2-02","Acanthuridae","Ctenochaetus","striatus",1,169.403,2
"T2-02","Scaridae","Chlorurus","sordidus",1,198.355,2
"T2-02","Acanthuridae","Ctenochaetus","striatus",1,78.794,2
"T2-02","Pomacentridae","Pomacentrus","moluccensis",1,69.311,2
"T2-02","Scaridae","Chlorurus","sordidus",1,104.423,2
"T2-02","Scaridae","Scarus","ghobban",1,310.393,2
"T2-03","Labridae","Labroides","dimidiatus",1,61.85,3
"T2-03","Labridae","Labrichthys","unilineatus",1,89.028,3
"T2-03","Pomacentridae","Neoglyphidodon","nigroris",1,119.067,3
"T2-03","Chaetodontidae","Chaetodon","plebeius",1,118.574,3
"T2-03","Pomacentridae","Pomacentrus","moluccensis",1,57.419,3
"T2-03","Labridae","Thalassoma","hardwicke",1,107.924,3
"T2-03","Pomacentridae","Pomacentrus","moluccensis",1,68.1,3
"T2-03","Scaridae","Chlorurus","sordidus",1,133.374,3
"T2-03","Scaridae","Chlorurus","sordidus",1,105.484,3
"T2-03","Labridae","Thalassoma","hardwicke",1,97.702,3
"T2-03","Pomacentridae","Pomacentrus","moluccensis",1,63.262,3
"T2-03","Pomacentridae","Pomacentrus","moluccensis",1,69.771,3
"T2-03","Lutjanidae","Lutjanus","carponotatus",1,132.877,3
"T2-03","Scaridae","Chlorurus","sordidus",1,201.424,3
"T2-03","Scaridae","Scarus","rivulatus",1,111.239,3
"T2-03","Scaridae","Chlorurus","sordidus",1,219.79,3
"T2-03","Scaridae","Chlorurus","sordidus",1,198.645,3
"T2-03","Scaridae","Scarus","rivulatus",1,120.884,3
"T2-03","Labridae","Thalassoma","lutescens",1,136.047,3
"T2-03","Scaridae","Chlorurus","sordidus",1,192.784,3
"T2-04","Pomacentridae","Pomacentrus","moluccensis",1,64.948,4
"T2-04","Acanthuridae","Zebrasoma","scopas",1,177.584,4
"T2-04","Pomacentridae","Pomacentrus","moluccensis",1,69.712,4
"T2-04","Pomacentridae","Dascyllus","aruanus",1,65.88,4
"T2-04","Scaridae","Chlorurus","sordidus",1,256.112,4
"T2-04","Scaridae","Chlorurus","sordidus",1,107.004,4
"T2-04","Pomacanthidae","Pomacanthus","semicirculatus",1,165.618,4
"T2-04","Pomacentridae","Chromis","atripectoralis",1,80.354,4
"T2-04","Pomacentridae","Chromis","atripectoralis",1,71.604,4
"T2-04","Chaetodontidae","Chaetodon","plebeius",1,92.476,4
"T2-04","Labridae","Thalassoma","hardwicke",1,90.144,4
"T2-04","Scaridae","Chlorurus","sordidus",1,241.189,4
"T2-04","Pomacanthidae","Pomacanthus","semicirculatus",1,258.042,4
"T2-04","Pomacanthidae","Pomacanthus","semicirculatus",1,267.693,4
"T2-05","Pomacentridae","Pomacentrus","moluccensis",1,69.941,5
"T2-05","Chaetodontidae","Chaetodon","plebeius",1,62.256,5
"T2-05","Labridae","Labrichthys","unilineatus",1,113.227,5
"T2-05","Scaridae","Chlorurus","sordidus",1,202.224,5
"T2-05","Pomacentridae","Pomacentrus","moluccensis",1,78.726,5
"T2-05","Labridae","Gomphosus","varius",1,126.269,5
"T2-05","Scaridae","Chlorurus","sordidus",1,132.626,5
"T2-05","Scaridae","Chlorurus","sordidus",1,192.69,5
"T2-05","Pomacentridae","Pomacentrus","moluccensis",1,56.836,5
"T2-05","Scaridae","Chlorurus","sordidus",1,225.802,5
"T2-05","Acanthuridae","Ctenochaetus","striatus",1,119.832,5
"T2-05","Acanthuridae","Ctenochaetus","striatus",1,141.676,5
"T2-05","Labridae","Gomphosus","varius",1,159.79,5
"T2-05","Pomacentridae","Neoglyphidodon","nigroris",1,109.218,5
"T2-05","Labridae","Thalassoma","hardwicke",1,76.576,5
"T2-05","Scaridae","Chlorurus","sordidus",1,161.622,5
"T2-05","Scaridae","Scarus","ghobban",1,342.164,5
"T2-05","Scaridae","Chlorurus","sordidus",1,140.81,5
"T2-06","Labridae","Thalassoma","hardwicke",1,69.966,6
"T2-06","Labridae","Thalassoma","lutescens",1,82.671,6
"T2-06","Scaridae","Chlorurus","sordidus",1,147.132,6
"T2-06","Scaridae","Chlorurus","sordidus",1,122.405,6
"T2-06","Labridae","Hemigymnus","fasciatus",1,139.184,6
"T2-06","Labridae","Thalassoma","lutescens",1,83.677,6
"T2-06","Scaridae","Chlorurus","sordidus",1,161.901,6
"T2-06","Scaridae","Chlorurus","sordidus",1,168.065,6
"T2-06","Acanthuridae","Ctenochaetus","striatus",1,126.301,6
"T2-06","Chaetodontidae","Chaetodon","plebeius",1,110.823,6
"T2-06","Chaetodontidae","Chaetodon","plebeius",1,103.151,6
"T2-06","Labridae","Gomphosus","varius",1,238.128,6
"T2-06","Labridae","Thalassoma","hardwicke",1,85.445,6
"T2-06","Scaridae","Chlorurus","sordidus",1,198.715,6
"T2-06","Labridae","Gomphosus","varius",1,275.172,6
"T2-06","Scaridae","Chlorurus","sordidus",1,177.025,6
"T2-06","Scaridae","Chlorurus","sordidus",1,200.877,6
"T2-06","Labridae","Epibulus","insidiator",1,140.19,6
"T2-06","Pomacentridae","Pomacentrus","moluccensis",1,59.442,6
"T2-06","Acanthuridae","Ctenochaetus","striatus",1,141.264,6
"T2-06","Scaridae","Chlorurus","sordidus",1,138.798,6
"T2-06","Scaridae","Chlorurus","sordidus",1,180.385,6
"T2-06","Chaetodontidae","Chaetodon","plebeius",1,110.521,6
"T2-06","Chaetodontidae","Chaetodon","plebeius",1,100.797,6
"T2-06","Acanthuridae","Ctenochaetus","striatus",1,113.05,6
"T2-06","Serranidae","Epinephelus","spp",1,209.266,6
"T2-06","Scaridae","Chlorurus","sordidus",1,208.342,6
